area,date,price
NO1,2021-11-01,0.851175
NO2,2021-11-01,0.851175
NO3,2021-11-01,0.1595125
NO4,2021-11-01,0.13332
NO5,2021-11-01,0.851175
NO1,2021-11-02,1.092
NO2,2021-11-02,1.095625
NO3,2021-11-02,0.148125
NO4,2021-11-02,0.11872
NO5,2021-11-02,1.092
NO1,2021-11-03,1.1905875
NO2,2021-11-03,1.1905875
NO3,2021-11-03,0.242475
NO4,2021-11-03,0.16249
NO5,2021-11-03,1.1905875
NO1,2021-11-04,1.3064
NO2,2021-11-04,1.3064
NO3,2021-11-04,0.3076375
NO4,2021-11-04,0.24611
NO5,2021-11-04,1.3064
NO1,2021-11-05,1.0976625
NO2,2021-11-05,1.0976625
NO3,2021-11-05,0.20205
NO4,2021-11-05,0.16164
NO5,2021-11-05,1.0976625
NO1,2021-11-06,0.969975
NO2,2021-11-06,0.969975
NO3,2021-11-06,0.1132125
NO4,2021-11-06,0.09057
NO5,2021-11-06,0.969975
NO1,2021-11-07,0.8611875
NO2,2021-11-07,0.8611875
NO3,2021-11-07,0.14595
NO4,2021-11-07,0.11676
NO5,2021-11-07,0.910925
NO1,2021-11-08,1.5224125
NO2,2021-11-08,1.5224125
NO3,2021-11-08,0.2631375
NO4,2021-11-08,0.21051
NO5,2021-11-08,1.5224125
NO1,2021-11-09,1.0360125
NO2,2021-11-09,1.0360125
NO3,2021-11-09,0.162425
NO4,2021-11-09,0.12994
NO5,2021-11-09,1.0360125
NO1,2021-11-10,1.0944875
NO2,2021-11-10,1.0944875
NO3,2021-11-10,0.11615
NO4,2021-11-10,0.09292
NO5,2021-11-10,1.0944875
NO1,2021-11-11,1.1124375
NO2,2021-11-11,1.1124375
NO3,2021-11-11,0.1282
NO4,2021-11-11,0.10256
NO5,2021-11-11,1.1124375
NO1,2021-11-12,1.1508125
NO2,2021-11-12,1.1508125
NO3,2021-11-12,0.1778625
NO4,2021-11-12,0.14229
NO5,2021-11-12,1.1508125
NO1,2021-11-13,1.1406125
NO2,2021-11-13,1.1406125
NO3,2021-11-13,0.202625
NO4,2021-11-13,0.1621
NO5,2021-11-13,1.1406125
NO1,2021-11-14,1.2121875
NO2,2021-11-14,1.2121875
NO3,2021-11-14,0.2103375
NO4,2021-11-14,0.16827
NO5,2021-11-14,1.2121875
NO1,2021-11-15,1.2096875
NO2,2021-11-15,1.2096875
NO3,2021-11-15,0.17385
NO4,2021-11-15,0.13908
NO5,2021-11-15,1.2096875
NO1,2021-11-16,1.197825
NO2,2021-11-16,1.197825
NO3,2021-11-16,0.1783375
NO4,2021-11-16,0.14267
NO5,2021-11-16,1.197825
NO1,2021-11-17,1.116425
NO2,2021-11-17,1.116425
NO3,2021-11-17,0.1776625
NO4,2021-11-17,0.14213
NO5,2021-11-17,1.116425
NO1,2021-11-18,1.1136625
NO2,2021-11-18,1.1136625
NO3,2021-11-18,0.1668625
NO4,2021-11-18,0.13349
NO5,2021-11-18,1.1136625
NO1,2021-11-19,1.038675
NO2,2021-11-19,1.038675
NO3,2021-11-19,0.15315
NO4,2021-11-19,0.12252
NO5,2021-11-19,1.038675
NO1,2021-11-20,1.1173625
NO2,2021-11-20,1.1173625
NO3,2021-11-20,0.148975
NO4,2021-11-20,0.11918
NO5,2021-11-20,1.1173625
NO1,2021-11-21,1.16555
NO2,2021-11-21,1.16555
NO3,2021-11-21,0.1920125
NO4,2021-11-21,0.15361
NO5,2021-11-21,1.16555
NO1,2021-11-22,1.5464625
NO2,2021-11-22,1.5464625
NO3,2021-11-22,0.19255
NO4,2021-11-22,0.17345
NO5,2021-11-22,1.5464625
NO1,2021-11-23,1.3822
NO2,2021-11-23,1.3822
NO3,2021-11-23,0.1849375
NO4,2021-11-23,0.14876
NO5,2021-11-23,1.3822
NO1,2021-11-24,1.367275
NO2,2021-11-24,1.367275
NO3,2021-11-24,0.2927375
NO4,2021-11-24,0.23419
NO5,2021-11-24,1.367275
NO1,2021-11-25,1.4027
NO2,2021-11-25,1.4027
NO3,2021-11-25,0.5150375
NO4,2021-11-25,0.41203
NO5,2021-11-25,1.4027
NO1,2021-11-26,1.4630375
NO2,2021-11-26,1.4630375
NO3,2021-11-26,1.4455875
NO4,2021-11-26,1.15647
NO5,2021-11-26,1.4630375
NO1,2021-11-27,1.849125
NO2,2021-11-27,1.849125
NO3,2021-11-27,2.1306375
NO4,2021-11-27,1.70451
NO5,2021-11-27,1.849125
NO1,2021-11-28,2.346975
NO2,2021-11-28,2.346975
NO3,2021-11-28,2.408075
NO4,2021-11-28,1.92646
NO5,2021-11-28,2.346975
NO1,2021-11-29,3.198325
NO2,2021-11-29,3.198325
NO3,2021-11-29,2.817825
NO4,2021-11-29,2.25426
NO5,2021-11-29,3.198325
NO1,2021-11-30,1.7198875
NO2,2021-11-30,1.7178625
NO3,2021-11-30,1.8857625
NO4,2021-11-30,1.50861
NO5,2021-11-30,1.7198875
NO1,2021-12-01,1.516425
NO2,2021-12-01,1.49815
NO3,2021-12-01,1.4485
NO4,2021-12-01,1.1588
NO5,2021-12-01,1.516425
NO1,2021-12-02,2.3625125
NO2,2021-12-02,2.3625125
NO3,2021-12-02,1.88585
NO4,2021-12-02,1.50868
NO5,2021-12-02,2.3625125
NO1,2021-12-03,1.89255
NO2,2021-12-03,1.89255
NO3,2021-12-03,1.488825
NO4,2021-12-03,1.19106
NO5,2021-12-03,1.89255
NO1,2021-12-04,1.7100875
NO2,2021-12-04,1.7100875
NO3,2021-12-04,0.9044
NO4,2021-12-04,0.72352
NO5,2021-12-04,1.6935375
NO1,2021-12-05,1.6511125
NO2,2021-12-05,1.6511125
NO3,2021-12-05,1.496
NO4,2021-12-05,1.1968
NO5,2021-12-05,1.6511125
NO1,2021-12-06,2.14585
NO2,2021-12-06,2.14585
NO3,2021-12-06,1.536275
NO4,2021-12-06,1.22902
NO5,2021-12-06,2.14585
NO1,2021-12-07,2.202675
NO2,2021-12-07,2.202675
NO3,2021-12-07,1.4669125
NO4,2021-12-07,1.17353
NO5,2021-12-07,2.202675
NO1,2021-12-08,1.66215
NO2,2021-12-08,1.66215
NO3,2021-12-08,0.9237625
NO4,2021-12-08,0.73901
NO5,2021-12-08,1.66215
NO1,2021-12-09,1.659375
NO2,2021-12-09,1.659375
NO3,2021-12-09,0.5236375
NO4,2021-12-09,0.41891
NO5,2021-12-09,1.659375
NO1,2021-12-10,1.8895
NO2,2021-12-10,1.8895
NO3,2021-12-10,0.57055
NO4,2021-12-10,0.45644
NO5,2021-12-10,1.739875
NO1,2021-12-11,2.02825
NO2,2021-12-11,2.02825
NO3,2021-12-11,0.6269375
NO4,2021-12-11,0.50155
NO5,2021-12-11,2.02825
NO1,2021-12-12,1.6805125
NO2,2021-12-12,1.6805125
NO3,2021-12-12,0.55145
NO4,2021-12-12,0.44116
NO5,2021-12-12,1.6805125
NO1,2021-12-13,1.7156375
NO2,2021-12-13,1.7156375
NO3,2021-12-13,0.561275
NO4,2021-12-13,0.44902
NO5,2021-12-13,1.7156375
NO1,2021-12-14,2.6021875
NO2,2021-12-14,2.6021875
NO3,2021-12-14,0.450975
NO4,2021-12-14,0.36078
NO5,2021-12-14,2.6021875
NO1,2021-12-15,1.63585
NO2,2021-12-15,1.63585
NO3,2021-12-15,0.2889875
NO4,2021-12-15,0.23119
NO5,2021-12-15,1.63585
NO1,2021-12-16,1.951825
NO2,2021-12-16,1.951825
NO3,2021-12-16,0.262925
NO4,2021-12-16,0.21034
NO5,2021-12-16,1.951825
NO1,2021-12-17,2.2740875
NO2,2021-12-17,2.2740875
NO3,2021-12-17,0.2996
NO4,2021-12-17,0.23968
NO5,2021-12-17,2.2740875
NO1,2021-12-18,1.987575
NO2,2021-12-18,1.987575
NO3,2021-12-18,0.2711125
NO4,2021-12-18,0.21689
NO5,2021-12-18,1.987575
NO1,2021-12-19,1.877425
NO2,2021-12-19,1.877425
NO3,2021-12-19,0.2739875
NO4,2021-12-19,0.21919
NO5,2021-12-19,1.877425
NO1,2021-12-20,3.906775
NO2,2021-12-20,3.906775
NO3,2021-12-20,0.73365
NO4,2021-12-20,0.58692
NO5,2021-12-20,3.906775
NO1,2021-12-21,4.94265
NO2,2021-12-21,4.94265
NO3,2021-12-21,0.7983625
NO4,2021-12-21,0.63869
NO5,2021-12-21,4.9396375
NO1,2021-12-22,3.2717375
NO2,2021-12-22,3.2717375
NO3,2021-12-22,0.7859125
NO4,2021-12-22,0.62873
NO5,2021-12-22,3.2717375
NO1,2021-12-23,3.0757625
NO2,2021-12-23,3.0757625
NO3,2021-12-23,0.4911875
NO4,2021-12-23,0.39295
NO5,2021-12-23,3.0757625
NO1,2021-12-24,2.5048625
NO2,2021-12-24,2.5048625
NO3,2021-12-24,0.38965
NO4,2021-12-24,0.31172
NO5,2021-12-24,2.5048625
NO1,2021-12-25,2.519775
NO2,2021-12-25,2.519775
NO3,2021-12-25,0.39915
NO4,2021-12-25,0.31932
NO5,2021-12-25,2.519775
NO1,2021-12-26,2.3485125
NO2,2021-12-26,2.3485125
NO3,2021-12-26,0.6275125
NO4,2021-12-26,0.50201
NO5,2021-12-26,2.3485125
NO1,2021-12-27,2.2561875
NO2,2021-12-27,2.2561875
NO3,2021-12-27,0.7261625
NO4,2021-12-27,0.58093
NO5,2021-12-27,2.2561875
NO1,2021-12-28,1.8432375
NO2,2021-12-28,1.8432375
NO3,2021-12-28,0.7580625
NO4,2021-12-28,0.60431
NO5,2021-12-28,1.8432375
NO1,2021-12-29,2.0873125
NO2,2021-12-29,2.0873125
NO3,2021-12-29,0.853125
NO4,2021-12-29,0.65594
NO5,2021-12-29,2.0873125
NO1,2021-12-30,1.7391125
NO2,2021-12-30,1.7391125
NO3,2021-12-30,0.68085
NO4,2021-12-30,0.54468
NO5,2021-12-30,1.7391125
NO1,2021-12-31,1.69475
NO2,2021-12-31,1.69475
NO3,2021-12-31,0.47285
NO4,2021-12-31,0.37828
NO5,2021-12-31,1.69475
NO1,2022-01-01,1.5879125
NO2,2022-01-01,1.5879125
NO3,2022-01-01,0.522375
NO4,2022-01-01,0.4179
NO5,2022-01-01,1.5879125
NO1,2022-01-02,1.429275
NO2,2022-01-02,1.429275
NO3,2022-01-02,0.4266125
NO4,2022-01-02,0.34129
NO5,2022-01-02,1.429275
NO1,2022-01-03,1.61545
NO2,2022-01-03,1.61545
NO3,2022-01-03,0.4436
NO4,2022-01-03,0.35488
NO5,2022-01-03,1.61545
NO1,2022-01-04,1.8427625
NO2,2022-01-04,1.8427625
NO3,2022-01-04,0.5517
NO4,2022-01-04,0.44136
NO5,2022-01-04,1.8427625
NO1,2022-01-05,1.669525
NO2,2022-01-05,1.669525
NO3,2022-01-05,0.6450375
NO4,2022-01-05,0.51175
NO5,2022-01-05,1.669525
NO1,2022-01-06,2.3233375
NO2,2022-01-06,2.3233375
NO3,2022-01-06,0.6590625
NO4,2022-01-06,0.50992
NO5,2022-01-06,1.9490375
NO1,2022-01-07,1.99215
NO2,2022-01-07,1.99215
NO3,2022-01-07,0.628175
NO4,2022-01-07,0.50254
NO5,2022-01-07,1.891125
NO1,2022-01-08,1.8222
NO2,2022-01-08,1.8222
NO3,2022-01-08,0.5684875
NO4,2022-01-08,0.45314
NO5,2022-01-08,1.8222
NO1,2022-01-09,1.784175
NO2,2022-01-09,1.784175
NO3,2022-01-09,0.5337
NO4,2022-01-09,0.42696
NO5,2022-01-09,1.784175
NO1,2022-01-10,2.4246125
NO2,2022-01-10,2.4246125
NO3,2022-01-10,0.5990625
NO4,2022-01-10,0.47925
NO5,2022-01-10,2.048525
NO1,2022-01-11,1.8942
NO2,2022-01-11,1.8942
NO3,2022-01-11,0.3803625
NO4,2022-01-11,0.27788
NO5,2022-01-11,1.89225
NO1,2022-01-12,1.732
NO2,2022-01-12,1.732
NO3,2022-01-12,0.251925
NO4,2022-01-12,0.20154
NO5,2022-01-12,1.732
NO1,2022-01-13,1.58005
NO2,2022-01-13,1.58005
NO3,2022-01-13,0.219825
NO4,2022-01-13,0.17586
NO5,2022-01-13,1.58005
NO1,2022-01-14,1.6114875
NO2,2022-01-14,1.6114875
NO3,2022-01-14,0.2264
NO4,2022-01-14,0.18112
NO5,2022-01-14,1.6114875
NO1,2022-01-15,1.9392625
NO2,2022-01-15,1.9392625
NO3,2022-01-15,0.2411875
NO4,2022-01-15,0.19295
NO5,2022-01-15,1.8333375
NO1,2022-01-16,1.5965
NO2,2022-01-16,1.5965
NO3,2022-01-16,0.2179875
NO4,2022-01-16,0.17439
NO5,2022-01-16,1.5965
NO1,2022-01-17,1.65405
NO2,2022-01-17,1.65405
NO3,2022-01-17,0.2150125
NO4,2022-01-17,0.17201
NO5,2022-01-17,1.65405
NO1,2022-01-18,2.0118375
NO2,2022-01-18,2.0118375
NO3,2022-01-18,0.2225375
NO4,2022-01-18,0.17803
NO5,2022-01-18,1.86275
NO1,2022-01-19,1.6918125
NO2,2022-01-19,1.6918125
NO3,2022-01-19,0.1899875
NO4,2022-01-19,0.15199
NO5,2022-01-19,1.6918125
NO1,2022-01-20,1.6199375
NO2,2022-01-20,1.6199375
NO3,2022-01-20,0.16925
NO4,2022-01-20,0.1354
NO5,2022-01-20,1.6199375
NO1,2022-01-21,1.7175625
NO2,2022-01-21,1.71635
NO3,2022-01-21,0.22435
NO4,2022-01-21,0.17948
NO5,2022-01-21,1.7175625
NO1,2022-01-22,1.7405125
NO2,2022-01-22,1.7405125
NO3,2022-01-22,0.182275
NO4,2022-01-22,0.14582
NO5,2022-01-22,1.7405125
NO1,2022-01-23,1.7179875
NO2,2022-01-23,1.7179875
NO3,2022-01-23,0.1531625
NO4,2022-01-23,0.12253
NO5,2022-01-23,1.7179875
NO1,2022-01-24,1.6934625
NO2,2022-01-24,1.6934625
NO3,2022-01-24,0.157375
NO4,2022-01-24,0.1259
NO5,2022-01-24,1.6934625
NO1,2022-01-25,1.9624875
NO2,2022-01-25,1.9624875
NO3,2022-01-25,0.180825
NO4,2022-01-25,0.14466
NO5,2022-01-25,1.9624875
NO1,2022-01-26,1.6577375
NO2,2022-01-26,1.6577375
NO3,2022-01-26,0.1907
NO4,2022-01-26,0.15256
NO5,2022-01-26,1.6577375
NO1,2022-01-27,1.58535
NO2,2022-01-27,1.58535
NO3,2022-01-27,0.341925
NO4,2022-01-27,0.27354
NO5,2022-01-27,1.58535
NO1,2022-01-28,1.7005375
NO2,2022-01-28,1.7005375
NO3,2022-01-28,0.192475
NO4,2022-01-28,0.15398
NO5,2022-01-28,1.7005375
NO1,2022-01-29,1.350075
NO2,2022-01-29,1.350075
NO3,2022-01-29,0.1887375
NO4,2022-01-29,0.15099
NO5,2022-01-29,1.350075
NO1,2022-01-30,1.509125
NO2,2022-01-30,1.509125
NO3,2022-01-30,0.1569875
NO4,2022-01-30,0.12559
NO5,2022-01-30,1.509125
NO1,2022-01-31,2.0372125
NO2,2022-01-31,2.0372125
NO3,2022-01-31,0.343125
NO4,2022-01-31,0.2741
NO5,2022-01-31,1.7865875
NO1,2022-02-01,1.8012875
NO2,2022-02-01,1.8012875
NO3,2022-02-01,0.2480875
NO4,2022-02-01,0.18907
NO5,2022-02-01,1.7033375
NO1,2022-02-02,1.6846
NO2,2022-02-02,1.684525
NO3,2022-02-02,0.8997125
NO4,2022-02-02,0.25871
NO5,2022-02-02,1.6846
NO1,2022-02-03,1.83285
NO2,2022-02-03,1.83285
NO3,2022-02-03,0.3106125
NO4,2022-02-03,0.20747
NO5,2022-02-03,1.83285
NO1,2022-02-04,1.5378625
NO2,2022-02-04,1.5378625
NO3,2022-02-04,0.1732375
NO4,2022-02-04,0.13859
NO5,2022-02-04,1.5378625
NO1,2022-02-05,1.4518375
NO2,2022-02-05,1.4518375
NO3,2022-02-05,0.1614875
NO4,2022-02-05,0.12919
NO5,2022-02-05,1.4518375
NO1,2022-02-06,1.4020625
NO2,2022-02-06,1.4020625
NO3,2022-02-06,0.1591125
NO4,2022-02-06,0.12729
NO5,2022-02-06,1.4020625
NO1,2022-02-07,1.5311625
NO2,2022-02-07,1.5311625
NO3,2022-02-07,0.1987875
NO4,2022-02-07,0.15903
NO5,2022-02-07,1.5311625
NO1,2022-02-08,1.548975
NO2,2022-02-08,1.548975
NO3,2022-02-08,0.1762375
NO4,2022-02-08,0.14099
NO5,2022-02-08,1.548975
NO1,2022-02-09,1.51955
NO2,2022-02-09,1.51955
NO3,2022-02-09,0.1586
NO4,2022-02-09,0.12688
NO5,2022-02-09,1.51955
NO1,2022-02-10,1.5610375
NO2,2022-02-10,1.5610375
NO3,2022-02-10,0.15575
NO4,2022-02-10,0.1246
NO5,2022-02-10,1.5610375
NO1,2022-02-11,1.6126125
NO2,2022-02-11,1.6126125
NO3,2022-02-11,0.1538375
NO4,2022-02-11,0.12307
NO5,2022-02-11,1.6126125
NO1,2022-02-12,1.4107125
NO2,2022-02-12,1.4107125
NO3,2022-02-12,0.159175
NO4,2022-02-12,0.12734
NO5,2022-02-12,1.4107125
NO1,2022-02-13,1.2933375
NO2,2022-02-13,1.2933375
NO3,2022-02-13,0.150275
NO4,2022-02-13,0.12022
NO5,2022-02-13,1.2933375
NO1,2022-02-14,1.3666875
NO2,2022-02-14,1.3666875
NO3,2022-02-14,0.1930375
NO4,2022-02-14,0.15443
NO5,2022-02-14,1.3666875
NO1,2022-02-15,1.4239
NO2,2022-02-15,1.4239
NO3,2022-02-15,0.1701125
NO4,2022-02-15,0.13609
NO5,2022-02-15,1.4239
NO1,2022-02-16,1.3866875
NO2,2022-02-16,1.3866875
NO3,2022-02-16,0.1884
NO4,2022-02-16,0.15072
NO5,2022-02-16,1.3866875
NO1,2022-02-17,1.288375
NO2,2022-02-17,1.288375
NO3,2022-02-17,0.1982125
NO4,2022-02-17,0.15479
NO5,2022-02-17,1.288375
NO1,2022-02-18,1.3901875
NO2,2022-02-18,1.3901875
NO3,2022-02-18,0.1808
NO4,2022-02-18,0.14077
NO5,2022-02-18,1.3830875
NO1,2022-02-19,1.2896125
NO2,2022-02-19,1.2896125
NO3,2022-02-19,0.1648125
NO4,2022-02-19,0.12876
NO5,2022-02-19,1.2896125
NO1,2022-02-20,1.2698
NO2,2022-02-20,1.2698
NO3,2022-02-20,0.1693125
NO4,2022-02-20,0.13545
NO5,2022-02-20,1.2698
NO1,2022-02-21,1.350425
NO2,2022-02-21,1.350425
NO3,2022-02-21,0.1953
NO4,2022-02-21,0.15624
NO5,2022-02-21,1.350425
NO1,2022-02-22,1.543625
NO2,2022-02-22,1.543625
NO3,2022-02-22,0.7073875
NO4,2022-02-22,0.56591
NO5,2022-02-22,1.543625
NO1,2022-02-23,1.385875
NO2,2022-02-23,1.385875
NO3,2022-02-23,0.15755
NO4,2022-02-23,0.12604
NO5,2022-02-23,1.385875
NO1,2022-02-24,1.4568
NO2,2022-02-24,1.4568
NO3,2022-02-24,0.1667625
NO4,2022-02-24,0.13341
NO5,2022-02-24,1.4568
NO1,2022-02-25,1.5778
NO2,2022-02-25,1.5778
NO3,2022-02-25,0.1829
NO4,2022-02-25,0.14629
NO5,2022-02-25,1.5778
NO1,2022-02-26,1.7598625
NO2,2022-02-26,1.7598625
NO3,2022-02-26,0.179475
NO4,2022-02-26,0.14358
NO5,2022-02-26,1.7598625
NO1,2022-02-27,1.724575
NO2,2022-02-27,1.724575
NO3,2022-02-27,0.175925
NO4,2022-02-27,0.14026
NO5,2022-02-27,1.724575
NO1,2022-02-28,1.786325
NO2,2022-02-28,1.786325
NO3,2022-02-28,0.1890125
NO4,2022-02-28,0.14346
NO5,2022-02-28,1.786325
NO1,2022-03-01,1.84165
NO2,2022-03-01,1.84165
NO3,2022-03-01,0.1704125
NO4,2022-03-01,0.13633
NO5,2022-03-01,1.84165
NO1,2022-03-02,1.863925
NO2,2022-03-02,1.863925
NO3,2022-03-02,0.163875
NO4,2022-03-02,0.13096
NO5,2022-03-02,1.863925
NO1,2022-03-03,1.985675
NO2,2022-03-03,1.985675
NO3,2022-03-03,0.2272625
NO4,2022-03-03,0.15333
NO5,2022-03-03,1.985675
NO1,2022-03-04,2.5019625
NO2,2022-03-04,2.5019625
NO3,2022-03-04,0.2106
NO4,2022-03-04,0.16496
NO5,2022-03-04,2.5019625
NO1,2022-03-05,2.28405
NO2,2022-03-05,2.28405
NO3,2022-03-05,0.182825
NO4,2022-03-05,0.14626
NO5,2022-03-05,2.28405
NO1,2022-03-06,2.3389875
NO2,2022-03-06,2.3389875
NO3,2022-03-06,0.1715625
NO4,2022-03-06,0.13725
NO5,2022-03-06,2.3389875
NO1,2022-03-07,2.9187375
NO2,2022-03-07,2.9187375
NO3,2022-03-07,0.1835375
NO4,2022-03-07,0.14683
NO5,2022-03-07,2.9187375
NO1,2022-03-08,3.222475
NO2,2022-03-08,3.222475
NO3,2022-03-08,0.2063375
NO4,2022-03-08,0.15836
NO5,2022-03-08,3.222475
NO1,2022-03-09,2.7651625
NO2,2022-03-09,2.7651625
NO3,2022-03-09,0.1862125
NO4,2022-03-09,0.14897
NO5,2022-03-09,2.7651625
NO1,2022-03-10,2.6113625
NO2,2022-03-10,2.6113625
NO3,2022-03-10,0.1740375
NO4,2022-03-10,0.13923
NO5,2022-03-10,2.6113625
NO1,2022-03-11,2.3736125
NO2,2022-03-11,2.3736125
NO3,2022-03-11,0.18205
NO4,2022-03-11,0.14564
NO5,2022-03-11,2.3736125
NO1,2022-03-12,2.2141875
NO2,2022-03-12,2.2141875
NO3,2022-03-12,0.1726375
NO4,2022-03-12,0.13811
NO5,2022-03-12,2.2141875
NO1,2022-03-13,2.0326
NO2,2022-03-13,2.0326
NO3,2022-03-13,0.1915625
NO4,2022-03-13,0.15185
NO5,2022-03-13,2.0369375
NO1,2022-03-14,2.460075
NO2,2022-03-14,2.460075
NO3,2022-03-14,0.2180125
NO4,2022-03-14,0.16136
NO5,2022-03-14,2.460075
NO1,2022-03-15,2.6558125
NO2,2022-03-15,2.6558125
NO3,2022-03-15,0.20485
NO4,2022-03-15,0.1618
NO5,2022-03-15,2.6558125
NO1,2022-03-16,2.4016625
NO2,2022-03-16,2.4016625
NO3,2022-03-16,0.1776625
NO4,2022-03-16,0.14107
NO5,2022-03-16,2.4016625
NO1,2022-03-17,2.15085
NO2,2022-03-17,2.15085
NO3,2022-03-17,0.1640875
NO4,2022-03-17,0.13127
NO5,2022-03-17,2.15085
NO1,2022-03-18,2.246625
NO2,2022-03-18,2.246625
NO3,2022-03-18,0.15755
NO4,2022-03-18,0.12604
NO5,2022-03-18,2.246625
NO1,2022-03-19,2.0442625
NO2,2022-03-19,2.0442625
NO3,2022-03-19,0.149075
NO4,2022-03-19,0.11926
NO5,2022-03-19,2.0442625
NO1,2022-03-20,1.9824375
NO2,2022-03-20,1.9824375
NO3,2022-03-20,0.1660625
NO4,2022-03-20,0.12913
NO5,2022-03-20,1.9824375
NO1,2022-03-21,2.14075
NO2,2022-03-21,2.14075
NO3,2022-03-21,0.2147625
NO4,2022-03-21,0.15377
NO5,2022-03-21,2.14075
NO1,2022-03-22,2.36575
NO2,2022-03-22,2.36575
NO3,2022-03-22,0.275575
NO4,2022-03-22,0.14869
NO5,2022-03-22,2.36575
NO1,2022-03-23,2.4458
NO2,2022-03-23,2.4458
NO3,2022-03-23,0.1688625
NO4,2022-03-23,0.13509
NO5,2022-03-23,2.4458
NO1,2022-03-24,2.30475
NO2,2022-03-24,2.30475
NO3,2022-03-24,0.1702
NO4,2022-03-24,0.13616
NO5,2022-03-24,2.30475
NO1,2022-03-25,2.2234125
NO2,2022-03-25,2.2234125
NO3,2022-03-25,0.154075
NO4,2022-03-25,0.12326
NO5,2022-03-25,2.2234125
NO1,2022-03-26,2.1692375
NO2,2022-03-26,2.1692375
NO3,2022-03-26,0.161025
NO4,2022-03-26,0.11742
NO5,2022-03-26,2.1692375
NO1,2022-03-27,2.193875
NO2,2022-03-27,2.193875
NO3,2022-03-27,0.16455
NO4,2022-03-27,0.13164
NO5,2022-03-27,2.193875
NO1,2022-03-28,2.2109125
NO2,2022-03-28,2.2109125
NO3,2022-03-28,0.1615125
NO4,2022-03-28,0.12921
NO5,2022-03-28,2.2109125
NO1,2022-03-29,2.405575
NO2,2022-03-29,2.405575
NO3,2022-03-29,0.40775
NO4,2022-03-29,0.24003
NO5,2022-03-29,2.405575
NO1,2022-03-30,2.5878875
NO2,2022-03-30,2.5878875
NO3,2022-03-30,0.423675
NO4,2022-03-30,0.1494
NO5,2022-03-30,2.5878875
NO1,2022-03-31,2.5264625
NO2,2022-03-31,2.5264625
NO3,2022-03-31,0.7322625
NO4,2022-03-31,0.34877
NO5,2022-03-31,2.5264625
NO1,2022-04-01,2.2661375
NO2,2022-04-01,2.2661375
NO3,2022-04-01,0.9627
NO4,2022-04-01,0.16412
NO5,2022-04-01,2.2661375
NO1,2022-04-02,2.2508375
NO2,2022-04-02,2.2508375
NO3,2022-04-02,0.3369375
NO4,2022-04-02,0.19147
NO5,2022-04-02,2.2508375
NO1,2022-04-03,2.2184625
NO2,2022-04-03,2.2184625
NO3,2022-04-03,0.6146
NO4,2022-04-03,0.20739
NO5,2022-04-03,2.2184625
NO1,2022-04-04,2.0865
NO2,2022-04-04,2.0865
NO3,2022-04-04,0.7430875
NO4,2022-04-04,0.52211
NO5,2022-04-04,2.0865
NO1,2022-04-05,2.1773125
NO2,2022-04-05,2.1773125
NO3,2022-04-05,0.374275
NO4,2022-04-05,0.27009
NO5,2022-04-05,2.1773125
NO1,2022-04-06,2.0790625
NO2,2022-04-06,2.0790625
NO3,2022-04-06,0.4148875
NO4,2022-04-06,0.27175
NO5,2022-04-06,2.0790625
NO1,2022-04-07,2.0319125
NO2,2022-04-07,2.0319125
NO3,2022-04-07,0.7745
NO4,2022-04-07,0.16208
NO5,2022-04-07,2.0319125
NO1,2022-04-08,2.0425
NO2,2022-04-08,2.0425
NO3,2022-04-08,0.260325
NO4,2022-04-08,0.1498
NO5,2022-04-08,2.0425
NO1,2022-04-09,1.9767875
NO2,2022-04-09,1.9767875
NO3,2022-04-09,0.299475
NO4,2022-04-09,0.20739
NO5,2022-04-09,1.9767875
NO1,2022-04-10,1.9991625
NO2,2022-04-10,1.9991625
NO3,2022-04-10,0.18455
NO4,2022-04-10,0.12018
NO5,2022-04-10,1.9991625
NO1,2022-04-11,2.2653125
NO2,2022-04-11,2.2653125
NO3,2022-04-11,0.300525
NO4,2022-04-11,0.15333
NO5,2022-04-11,2.2653125
NO1,2022-04-12,2.1891
NO2,2022-04-12,2.1891
NO3,2022-04-12,1.119825
NO4,2022-04-12,0.16135
NO5,2022-04-12,2.1891
NO1,2022-04-13,2.2135125
NO2,2022-04-13,2.2135125
NO3,2022-04-13,1.196925
NO4,2022-04-13,0.22482
NO5,2022-04-13,2.2135125
NO1,2022-04-14,2.314125
NO2,2022-04-14,2.314125
NO3,2022-04-14,0.9161125
NO4,2022-04-14,0.23125
NO5,2022-04-14,2.314125
NO1,2022-04-15,2.2621375
NO2,2022-04-15,2.2621375
NO3,2022-04-15,0.6798125
NO4,2022-04-15,0.18958
NO5,2022-04-15,2.2621375
NO1,2022-04-16,2.0418625
NO2,2022-04-16,2.0418625
NO3,2022-04-16,0.542575
NO4,2022-04-16,0.15849
NO5,2022-04-16,2.0418625
NO1,2022-04-17,1.76555
NO2,2022-04-17,1.76555
NO3,2022-04-17,0.5669625
NO4,2022-04-17,0.14368
NO5,2022-04-17,1.7779125
NO1,2022-04-18,1.65725
NO2,2022-04-18,1.65725
NO3,2022-04-18,0.632825
NO4,2022-04-18,0.14541
NO5,2022-04-18,1.816975
NO1,2022-04-19,2.3694625
NO2,2022-04-19,2.3694625
NO3,2022-04-19,1.3094875
NO4,2022-04-19,0.13467
NO5,2022-04-19,2.3694625
NO1,2022-04-20,2.2662875
NO2,2022-04-20,2.2662875
NO3,2022-04-20,0.8894375
NO4,2022-04-20,0.12813
NO5,2022-04-20,2.2662875
NO1,2022-04-21,2.231725
NO2,2022-04-21,2.231725
NO3,2022-04-21,0.521625
NO4,2022-04-21,0.13096
NO5,2022-04-21,2.231725
NO1,2022-04-22,2.0847875
NO2,2022-04-22,2.0847875
NO3,2022-04-22,0.3823875
NO4,2022-04-22,0.13146
NO5,2022-04-22,2.0847875
NO1,2022-04-23,1.8972375
NO2,2022-04-23,1.8972375
NO3,2022-04-23,0.3204125
NO4,2022-04-23,0.12922
NO5,2022-04-23,1.8972375
NO1,2022-04-24,1.5398375
NO2,2022-04-24,1.5398375
NO3,2022-04-24,0.455075
NO4,2022-04-24,0.13064
NO5,2022-04-24,1.5398375
NO1,2022-04-25,2.4648
NO2,2022-04-25,2.4648
NO3,2022-04-25,0.472875
NO4,2022-04-25,0.13321
NO5,2022-04-25,2.4648
NO1,2022-04-26,2.39165
NO2,2022-04-26,2.39165
NO3,2022-04-26,0.2959125
NO4,2022-04-26,0.12522
NO5,2022-04-26,2.39165
NO1,2022-04-27,2.49375
NO2,2022-04-27,2.49375
NO3,2022-04-27,0.4610875
NO4,2022-04-27,0.13642
NO5,2022-04-27,2.49375
NO1,2022-04-28,2.5885625
NO2,2022-04-28,2.549275
NO3,2022-04-28,0.2113375
NO4,2022-04-28,0.15662
NO5,2022-04-28,2.54945
NO1,2022-04-29,2.671225
NO2,2022-04-29,2.671225
NO3,2022-04-29,0.367725
NO4,2022-04-29,0.17973
NO5,2022-04-29,2.671225
NO1,2022-04-30,2.4114
NO2,2022-04-30,2.4114
NO3,2022-04-30,0.294325
NO4,2022-04-30,0.16247
NO5,2022-04-30,2.4212375
NO1,2022-05-01,2.39065
NO2,2022-05-01,2.39065
NO3,2022-05-01,0.253
NO4,2022-05-01,0.14671
NO5,2022-05-01,2.41015
NO1,2022-05-02,2.554825
NO2,2022-05-02,2.554825
NO3,2022-05-02,0.15745
NO4,2022-05-02,0.12596
NO5,2022-05-02,2.554825
NO1,2022-05-03,2.6576125
NO2,2022-05-03,2.6576125
NO3,2022-05-03,0.209325
NO4,2022-05-03,0.13574
NO5,2022-05-03,2.6576125
NO1,2022-05-04,2.76015
NO2,2022-05-04,2.76015
NO3,2022-05-04,0.3306
NO4,2022-05-04,0.17415
NO5,2022-05-04,2.76015
NO1,2022-05-05,2.7477875
NO2,2022-05-05,2.7477875
NO3,2022-05-05,0.164375
NO4,2022-05-05,0.12822
NO5,2022-05-05,2.7477875
NO1,2022-05-06,2.616925
NO2,2022-05-06,2.616925
NO3,2022-05-06,0.1366625
NO4,2022-05-06,0.10921
NO5,2022-05-06,2.616925
NO1,2022-05-07,2.4285375
NO2,2022-05-07,2.4285375
NO3,2022-05-07,0.064325
NO4,2022-05-07,0.05146
NO5,2022-05-07,2.4285375
NO1,2022-05-08,2.2807
NO2,2022-05-08,2.2807
NO3,2022-05-08,0.1732
NO4,2022-05-08,0.13368
NO5,2022-05-08,2.2807
NO1,2022-05-09,2.510675
NO2,2022-05-09,2.510675
NO3,2022-05-09,0.1853
NO4,2022-05-09,0.14824
NO5,2022-05-09,2.510675
NO1,2022-05-10,2.3197375
NO2,2022-05-10,2.3197375
NO3,2022-05-10,0.1685
NO4,2022-05-10,0.1348
NO5,2022-05-10,2.3197375
NO1,2022-05-11,2.2305
NO2,2022-05-11,2.2305
NO3,2022-05-11,0.149175
NO4,2022-05-11,0.11934
NO5,2022-05-11,2.2305
NO1,2022-05-12,1.982325
NO2,2022-05-12,1.982325
NO3,2022-05-12,0.125775
NO4,2022-05-12,0.10062
NO5,2022-05-12,1.982325
NO1,2022-05-13,1.8470125
NO2,2022-05-13,1.8470125
NO3,2022-05-13,0.1574875
NO4,2022-05-13,0.12599
NO5,2022-05-13,1.8470125
NO1,2022-05-14,1.7594625
NO2,2022-05-14,1.7594625
NO3,2022-05-14,0.0992625
NO4,2022-05-14,0.07941
NO5,2022-05-14,1.7594625
NO1,2022-05-15,1.8065375
NO2,2022-05-15,1.8065375
NO3,2022-05-15,0.0928125
NO4,2022-05-15,0.07425
NO5,2022-05-15,1.8065375
NO1,2022-05-16,2.2499875
NO2,2022-05-16,2.2499875
NO3,2022-05-16,0.1172875
NO4,2022-05-16,0.09383
NO5,2022-05-16,2.2499875
NO1,2022-05-17,2.294
NO2,2022-05-17,2.294
NO3,2022-05-17,0.1555
NO4,2022-05-17,0.12334
NO5,2022-05-17,2.294
NO1,2022-05-18,2.2880375
NO2,2022-05-18,2.2880375
NO3,2022-05-18,0.185075
NO4,2022-05-18,0.13234
NO5,2022-05-18,2.2880375
NO1,2022-05-19,2.4227875
NO2,2022-05-19,2.4227875
NO3,2022-05-19,0.157275
NO4,2022-05-19,0.12559
NO5,2022-05-19,2.4227875
NO1,2022-05-20,2.361575
NO2,2022-05-20,2.361575
NO3,2022-05-20,0.303225
NO4,2022-05-20,0.1306
NO5,2022-05-20,2.361575
NO1,2022-05-21,1.700475
NO2,2022-05-21,1.700475
NO3,2022-05-21,0.173625
NO4,2022-05-21,0.13151
NO5,2022-05-21,1.700475
NO1,2022-05-22,2.04465
NO2,2022-05-22,2.04465
NO3,2022-05-22,0.1831125
NO4,2022-05-22,0.13281
NO5,2022-05-22,2.04465
NO1,2022-05-23,2.227375
NO2,2022-05-23,2.227375
NO3,2022-05-23,0.1184125
NO4,2022-05-23,0.09473
NO5,2022-05-23,2.227375
NO1,2022-05-24,1.6432375
NO2,2022-05-24,1.6432375
NO3,2022-05-24,0.087525
NO4,2022-05-24,0.07002
NO5,2022-05-24,1.6432375
NO1,2022-05-25,1.972475
NO2,2022-05-25,1.972475
NO3,2022-05-25,0.083925
NO4,2022-05-25,0.06714
NO5,2022-05-25,1.972475
NO1,2022-05-26,0.670225
NO2,2022-05-26,0.6777875
NO3,2022-05-26,0.1035875
NO4,2022-05-26,0.08287
NO5,2022-05-26,0.670225
NO1,2022-05-27,0.6070125
NO2,2022-05-27,0.612675
NO3,2022-05-27,0.1236375
NO4,2022-05-27,0.09891
NO5,2022-05-27,0.6070125
NO1,2022-05-28,0.4337
NO2,2022-05-28,0.4337
NO3,2022-05-28,0.0592125
NO4,2022-05-28,0.04737
NO5,2022-05-28,0.4337
NO1,2022-05-29,1.7816
NO2,2022-05-29,1.7999625
NO3,2022-05-29,0.20925
NO4,2022-05-29,0.12205
NO5,2022-05-29,1.7816
NO1,2022-05-30,2.154725
NO2,2022-05-30,2.2184
NO3,2022-05-30,0.8602625
NO4,2022-05-30,0.12393
NO5,2022-05-30,2.154725
NO1,2022-05-31,2.1788625
NO2,2022-05-31,2.22155
NO3,2022-05-31,0.7182
NO4,2022-05-31,0.12358
NO5,2022-05-31,2.1788625
NO1,2022-06-01,2.2114125
NO2,2022-06-01,2.2668875
NO3,2022-06-01,0.75745
NO4,2022-06-01,0.1152
NO5,2022-06-01,2.2114125
NO1,2022-06-02,2.0232375
NO2,2022-06-02,2.060575
NO3,2022-06-02,0.659075
NO4,2022-06-02,0.11457
NO5,2022-06-02,2.0232375
NO1,2022-06-03,2.0157625
NO2,2022-06-03,2.0415875
NO3,2022-06-03,0.1525
NO4,2022-06-03,0.122
NO5,2022-06-03,2.0157625
NO1,2022-06-04,1.891025
NO2,2022-06-04,1.947325
NO3,2022-06-04,0.1016125
NO4,2022-06-04,0.08129
NO5,2022-06-04,1.891025
NO1,2022-06-05,1.7117125
NO2,2022-06-05,1.7810875
NO3,2022-06-05,0.0956875
NO4,2022-06-05,0.07655
NO5,2022-06-05,1.7117125
NO1,2022-06-06,1.0073875
NO2,2022-06-06,1.0855375
NO3,2022-06-06,0.13395
NO4,2022-06-06,0.10716
NO5,2022-06-06,1.0073875
NO1,2022-06-07,2.0095125
NO2,2022-06-07,2.1157375
NO3,2022-06-07,0.1423
NO4,2022-06-07,0.0935
NO5,2022-06-07,2.0095125
NO1,2022-06-08,1.8158625
NO2,2022-06-08,2.1781
NO3,2022-06-08,0.0993375
NO4,2022-06-08,0.07282
NO5,2022-06-08,1.8158625
NO1,2022-06-09,1.9630625
NO2,2022-06-09,2.1227
NO3,2022-06-09,0.1219375
NO4,2022-06-09,0.09296
NO5,2022-06-09,1.9630625
NO1,2022-06-10,1.7868125
NO2,2022-06-10,2.054325
NO3,2022-06-10,0.20165
NO4,2022-06-10,0.10867
NO5,2022-06-10,1.7868125
NO1,2022-06-11,1.354375
NO2,2022-06-11,1.5400875
NO3,2022-06-11,0.1578125
NO4,2022-06-11,0.12625
NO5,2022-06-11,1.354375
NO1,2022-06-12,1.1155375
NO2,2022-06-12,1.410125
NO3,2022-06-12,0.1311125
NO4,2022-06-12,0.10489
NO5,2022-06-12,1.1155375
NO1,2022-06-13,1.7026
NO2,2022-06-13,1.9382375
NO3,2022-06-13,0.1151875
NO4,2022-06-13,0.09215
NO5,2022-06-13,1.674975
NO1,2022-06-14,1.8463875
NO2,2022-06-14,2.28305
NO3,2022-06-14,0.1432
NO4,2022-06-14,0.11456
NO5,2022-06-14,1.8463875
NO1,2022-06-15,1.981075
NO2,2022-06-15,2.3467125
NO3,2022-06-15,0.159025
NO4,2022-06-15,0.12722
NO5,2022-06-15,1.981075
NO1,2022-06-16,2.10275
NO2,2022-06-16,2.39385
NO3,2022-06-16,0.145675
NO4,2022-06-16,0.11654
NO5,2022-06-16,2.10275
NO1,2022-06-17,2.18985
NO2,2022-06-17,2.7106875
NO3,2022-06-17,0.1412625
NO4,2022-06-17,0.11301
NO5,2022-06-17,2.18985
NO1,2022-06-18,1.8249875
NO2,2022-06-18,2.17825
NO3,2022-06-18,0.0704625
NO4,2022-06-18,0.05981
NO5,2022-06-18,1.8249875
NO1,2022-06-19,1.667475
NO2,2022-06-19,1.9034
NO3,2022-06-19,0.0870125
NO4,2022-06-19,0.06961
NO5,2022-06-19,1.667475
NO1,2022-06-20,2.184375
NO2,2022-06-20,3.1423125
NO3,2022-06-20,0.180925
NO4,2022-06-20,0.14474
NO5,2022-06-20,2.184375
NO1,2022-06-21,2.136025
NO2,2022-06-21,3.08565
NO3,2022-06-21,0.1207125
NO4,2022-06-21,0.09657
NO5,2022-06-21,2.136025
NO1,2022-06-22,2.1257625
NO2,2022-06-22,2.8807375
NO3,2022-06-22,0.1254875
NO4,2022-06-22,0.10039
NO5,2022-06-22,2.1257625
NO1,2022-06-23,1.9578
NO2,2022-06-23,3.0059375
NO3,2022-06-23,0.068
NO4,2022-06-23,0.0544
NO5,2022-06-23,1.9578
NO1,2022-06-24,1.870975
NO2,2022-06-24,2.6249625
NO3,2022-06-24,0.0847625
NO4,2022-06-24,0.06781
NO5,2022-06-24,1.870975
NO1,2022-06-25,1.9448875
NO2,2022-06-25,2.56525
NO3,2022-06-25,0.05015
NO4,2022-06-25,0.04012
NO5,2022-06-25,1.9448875
NO1,2022-06-26,1.7407875
NO2,2022-06-26,2.13505
NO3,2022-06-26,0.04335
NO4,2022-06-26,0.03468
NO5,2022-06-26,1.7407875
NO1,2022-06-27,2.0574625
NO2,2022-06-27,2.7953625
NO3,2022-06-27,0.04225
NO4,2022-06-27,0.0338
NO5,2022-06-27,2.0574625
NO1,2022-06-28,1.9551125
NO2,2022-06-28,2.7338875
NO3,2022-06-28,0.0268875
NO4,2022-06-28,0.02151
NO5,2022-06-28,1.9551125
NO1,2022-06-29,1.99895
NO2,2022-06-29,3.1714625
NO3,2022-06-29,0.04055
NO4,2022-06-29,0.03244
NO5,2022-06-29,1.99895
NO1,2022-06-30,2.129125
NO2,2022-06-30,3.502
NO3,2022-06-30,0.0400375
NO4,2022-06-30,0.03203
NO5,2022-06-30,2.129125
NO1,2022-07-01,2.18195
NO2,2022-07-01,2.97265
NO3,2022-07-01,0.0268375
NO4,2022-07-01,0.02147
NO5,2022-07-01,2.18195
NO1,2022-07-02,1.9739
NO2,2022-07-02,2.555575
NO3,2022-07-02,0.022775
NO4,2022-07-02,0.01822
NO5,2022-07-02,1.9739
NO1,2022-07-03,1.8719
NO2,2022-07-03,2.3463625
NO3,2022-07-03,0.020025
NO4,2022-07-03,0.01602
NO5,2022-07-03,1.8719
NO1,2022-07-04,2.0655
NO2,2022-07-04,2.84805
NO3,2022-07-04,0.0290625
NO4,2022-07-04,0.02325
NO5,2022-07-04,2.0655
NO1,2022-07-05,2.082325
NO2,2022-07-05,2.942475
NO3,2022-07-05,0.0201375
NO4,2022-07-05,0.01611
NO5,2022-07-05,2.082325
NO1,2022-07-06,2.08615
NO2,2022-07-06,2.9601875
NO3,2022-07-06,0.0219625
NO4,2022-07-06,0.01763
NO5,2022-07-06,2.08615
NO1,2022-07-07,2.0804875
NO2,2022-07-07,2.492525
NO3,2022-07-07,0.018475
NO4,2022-07-07,0.01489
NO5,2022-07-07,2.0804875
NO1,2022-07-08,2.0804125
NO2,2022-07-08,2.615125
NO3,2022-07-08,0.0140875
NO4,2022-07-08,0.01317
NO5,2022-07-08,2.0804125
NO1,2022-07-09,1.3633875
NO2,2022-07-09,1.5182
NO3,2022-07-09,0.0205125
NO4,2022-07-09,0.01822
NO5,2022-07-09,1.3633875
NO1,2022-07-10,1.0537875
NO2,2022-07-10,1.45825
NO3,2022-07-10,0.025175
NO4,2022-07-10,0.02014
NO5,2022-07-10,1.0537875
NO1,2022-07-11,2.2431
NO2,2022-07-11,3.7685125
NO3,2022-07-11,0.0412125
NO4,2022-07-11,0.03297
NO5,2022-07-11,2.2431
NO1,2022-07-12,2.3507875
NO2,2022-07-12,3.8285
NO3,2022-07-12,0.0231375
NO4,2022-07-12,0.01851
NO5,2022-07-12,2.3507875
NO1,2022-07-13,2.25795
NO2,2022-07-13,3.307825
NO3,2022-07-13,0.022625
NO4,2022-07-13,0.0181
NO5,2022-07-13,2.25795
NO1,2022-07-14,2.151025
NO2,2022-07-14,3.393325
NO3,2022-07-14,0.018175
NO4,2022-07-14,0.01488
NO5,2022-07-14,2.151025
NO1,2022-07-15,2.0352875
NO2,2022-07-15,3.0293125
NO3,2022-07-15,0.0181375
NO4,2022-07-15,0.01451
NO5,2022-07-15,2.0352875
NO1,2022-07-16,1.3948625
NO2,2022-07-16,1.8909125
NO3,2022-07-16,0.01535
NO4,2022-07-16,0.01228
NO5,2022-07-16,1.3948625
NO1,2022-07-17,1.91315
NO2,2022-07-17,2.7259125
NO3,2022-07-17,0.0223125
NO4,2022-07-17,0.01785
NO5,2022-07-17,1.91315
NO1,2022-07-18,2.0453625
NO2,2022-07-18,4.0868875
NO3,2022-07-18,0.0233125
NO4,2022-07-18,0.01865
NO5,2022-07-18,2.0453625
NO1,2022-07-19,2.0633875
NO2,2022-07-19,4.1846125
NO3,2022-07-19,0.0331125
NO4,2022-07-19,0.02649
NO5,2022-07-19,2.0633875
NO1,2022-07-20,2.0734875
NO2,2022-07-20,3.4593625
NO3,2022-07-20,0.026825
NO4,2022-07-20,0.02146
NO5,2022-07-20,2.0734875
NO1,2022-07-21,2.4026375
NO2,2022-07-21,4.16335
NO3,2022-07-21,0.0307875
NO4,2022-07-21,0.02463
NO5,2022-07-21,2.4026375
NO1,2022-07-22,2.2194
NO2,2022-07-22,3.94895
NO3,2022-07-22,0.0247875
NO4,2022-07-22,0.01983
NO5,2022-07-22,2.2194
NO1,2022-07-23,2.1138125
NO2,2022-07-23,3.8932125
NO3,2022-07-23,0.023025
NO4,2022-07-23,0.01842
NO5,2022-07-23,2.1138125
NO1,2022-07-24,1.8808
NO2,2022-07-24,3.232525
NO3,2022-07-24,0.0230125
NO4,2022-07-24,0.01841
NO5,2022-07-24,1.8808
NO1,2022-07-25,2.152725
NO2,2022-07-25,3.3402625
NO3,2022-07-25,0.02805
NO4,2022-07-25,0.02244
NO5,2022-07-25,2.152725
NO1,2022-07-26,1.9270125
NO2,2022-07-26,2.642675
NO3,2022-07-26,0.0221625
NO4,2022-07-26,0.01773
NO5,2022-07-26,1.9270125
NO1,2022-07-27,2.1466875
NO2,2022-07-27,3.3252875
NO3,2022-07-27,0.0210875
NO4,2022-07-27,0.01687
NO5,2022-07-27,2.1466875
NO1,2022-07-28,2.5585
NO2,2022-07-28,5.27655
NO3,2022-07-28,0.02235
NO4,2022-07-28,0.01788
NO5,2022-07-28,2.5585
NO1,2022-07-29,2.61435
NO2,2022-07-29,5.1343875
NO3,2022-07-29,0.0278625
NO4,2022-07-29,0.02229
NO5,2022-07-29,2.61435
NO1,2022-07-30,2.6240125
NO2,2022-07-30,4.603275
NO3,2022-07-30,0.0217125
NO4,2022-07-30,0.01737
NO5,2022-07-30,2.6240125
NO1,2022-07-31,2.665775
NO2,2022-07-31,3.8816125
NO3,2022-07-31,0.030375
NO4,2022-07-31,0.0243
NO5,2022-07-31,2.665775
NO1,2022-08-01,2.7468625
NO2,2022-08-01,4.5312
NO3,2022-08-01,0.025975
NO4,2022-08-01,0.02078
NO5,2022-08-01,2.7468625
NO1,2022-08-02,2.9130375
NO2,2022-08-02,3.93435
NO3,2022-08-02,0.02295
NO4,2022-08-02,0.01836
NO5,2022-08-02,2.9130375
NO1,2022-08-03,2.9391
NO2,2022-08-03,3.623
NO3,2022-08-03,0.0214
NO4,2022-08-03,0.01712
NO5,2022-08-03,2.9391
NO1,2022-08-04,2.991575
NO2,2022-08-04,4.3276375
NO3,2022-08-04,0.0204
NO4,2022-08-04,0.01632
NO5,2022-08-04,2.991575
NO1,2022-08-05,2.9217125
NO2,2022-08-05,4.3306375
NO3,2022-08-05,0.017975
NO4,2022-08-05,0.01438
NO5,2022-08-05,2.9217125
NO1,2022-08-06,2.634725
NO2,2022-08-06,3.3369375
NO3,2022-08-06,0.018225
NO4,2022-08-06,0.01458
NO5,2022-08-06,2.634725
NO1,2022-08-07,2.6355875
NO2,2022-08-07,2.9208875
NO3,2022-08-07,0.018025
NO4,2022-08-07,0.01442
NO5,2022-08-07,2.6355875
NO1,2022-08-08,3.406975
NO2,2022-08-08,4.27935
NO3,2022-08-08,0.0278375
NO4,2022-08-08,0.01513
NO5,2022-08-08,3.406975
NO1,2022-08-09,3.35345
NO2,2022-08-09,4.217275
NO3,2022-08-09,0.020375
NO4,2022-08-09,0.0163
NO5,2022-08-09,3.35345
NO1,2022-08-10,3.2686625
NO2,2022-08-10,4.05885
NO3,2022-08-10,0.0145
NO4,2022-08-10,0.01149
NO5,2022-08-10,3.2686625
NO1,2022-08-11,3.195875
NO2,2022-08-11,4.345175
NO3,2022-08-11,0.015125
NO4,2022-08-11,0.00597
NO5,2022-08-11,3.195875
NO1,2022-08-12,3.431275
NO2,2022-08-12,5.040325
NO3,2022-08-12,0.236425
NO4,2022-08-12,0.00917
NO5,2022-08-12,3.431275
NO1,2022-08-13,3.186325
NO2,2022-08-13,4.571575
NO3,2022-08-13,0.59475
NO4,2022-08-13,0.0089
NO5,2022-08-13,3.186325
NO1,2022-08-14,3.1883625
NO2,2022-08-14,4.31615
NO3,2022-08-14,0.2382875
NO4,2022-08-14,0.00891
NO5,2022-08-14,3.1883625
NO1,2022-08-15,3.4553625
NO2,2022-08-15,4.964675
NO3,2022-08-15,0.88795
NO4,2022-08-15,0.01011
NO5,2022-08-15,3.4553625
NO1,2022-08-16,3.94645
NO2,2022-08-16,5.505225
NO3,2022-08-16,0.9676
NO4,2022-08-16,0.01013
NO5,2022-08-16,3.3718125
NO1,2022-08-17,3.723025
NO2,2022-08-17,6.1185
NO3,2022-08-17,0.37705
NO4,2022-08-17,0.01138
NO5,2022-08-17,3.59785
NO1,2022-08-18,4.2380375
NO2,2022-08-18,6.569225
NO3,2022-08-18,0.12385
NO4,2022-08-18,0.01391
NO5,2022-08-18,3.9479875
NO1,2022-08-19,4.604425
NO2,2022-08-19,6.054
NO3,2022-08-19,0.31065
NO4,2022-08-19,0.00716
NO5,2022-08-19,4.604425
NO1,2022-08-20,4.4744125
NO2,2022-08-20,5.4733625
NO3,2022-08-20,0.4889375
NO4,2022-08-20,0.00759
NO5,2022-08-20,4.4744125
NO1,2022-08-21,3.9533875
NO2,2022-08-21,4.5191375
NO3,2022-08-21,0.4510875
NO4,2022-08-21,0.00621
NO5,2022-08-21,3.9533875
NO1,2022-08-22,4.8483
NO2,2022-08-22,6.664
NO3,2022-08-22,0.075475
NO4,2022-08-22,0.00721
NO5,2022-08-22,4.8483
NO1,2022-08-23,5.424725
NO2,2022-08-23,6.6537
NO3,2022-08-23,0.44605
NO4,2022-08-23,0.00589
NO5,2022-08-23,5.363475
NO1,2022-08-24,5.504775
NO2,2022-08-24,6.93445
NO3,2022-08-24,0.3105
NO4,2022-08-24,0.01224
NO5,2022-08-24,5.504775
NO1,2022-08-25,5.735975
NO2,2022-08-25,6.748525
NO3,2022-08-25,0.2092125
NO4,2022-08-25,0.01312
NO5,2022-08-25,5.735975
NO1,2022-08-26,5.896125
NO2,2022-08-26,7.7820625
NO3,2022-08-26,0.1476125
NO4,2022-08-26,0.09517
NO5,2022-08-26,5.896125
NO1,2022-08-27,6.194725
NO2,2022-08-27,7.2027125
NO3,2022-08-27,0.1546375
NO4,2022-08-27,0.0982
NO5,2022-08-27,6.194725
NO1,2022-08-28,5.90165
NO2,2022-08-28,6.0637
NO3,2022-08-28,0.1631125
NO4,2022-08-28,0.07304
NO5,2022-08-28,5.90165
NO1,2022-08-29,7.2749125
NO2,2022-08-29,7.85525
NO3,2022-08-29,0.2390375
NO4,2022-08-29,0.08388
NO5,2022-08-29,7.2749125
NO1,2022-08-30,8.0657625
NO2,2022-08-30,8.0657625
NO3,2022-08-30,0.3350625
NO4,2022-08-30,0.10947
NO5,2022-08-30,8.0657625
NO1,2022-08-31,7.3568875
NO2,2022-08-31,7.3568875
NO3,2022-08-31,0.3397
NO4,2022-08-31,0.11634
NO5,2022-08-31,7.3568875
NO1,2022-09-01,7.0765
NO2,2022-09-01,7.0765
NO3,2022-09-01,0.4343875
NO4,2022-09-01,0.21074
NO5,2022-09-01,7.0765
NO1,2022-09-02,5.444825
NO2,2022-09-02,5.444825
NO3,2022-09-02,0.5076375
NO4,2022-09-02,0.13926
NO5,2022-09-02,5.444825
NO1,2022-09-03,4.8107
NO2,2022-09-03,4.8107
NO3,2022-09-03,0.7031875
NO4,2022-09-03,0.1393
NO5,2022-09-03,4.8107
NO1,2022-09-04,3.8450375
NO2,2022-09-04,3.8450375
NO3,2022-09-04,2.1078
NO4,2022-09-04,0.13882
NO5,2022-09-04,3.8450375
NO1,2022-09-05,4.858475
NO2,2022-09-05,4.858475
NO3,2022-09-05,1.864575
NO4,2022-09-05,0.13952
NO5,2022-09-05,4.858475
NO1,2022-09-06,5.1053375
NO2,2022-09-06,5.1053375
NO3,2022-09-06,1.178125
NO4,2022-09-06,0.31057
NO5,2022-09-06,5.1053375
NO1,2022-09-07,5.6351375
NO2,2022-09-07,5.6351375
NO3,2022-09-07,1.0035375
NO4,2022-09-07,0.35509
NO5,2022-09-07,5.6351375
NO1,2022-09-08,5.3991375
NO2,2022-09-08,5.3991375
NO3,2022-09-08,1.0506
NO4,2022-09-08,0.56169
NO5,2022-09-08,5.3991375
NO1,2022-09-09,4.3648125
NO2,2022-09-09,4.3648125
NO3,2022-09-09,1.1415125
NO4,2022-09-09,0.5818
NO5,2022-09-09,4.3648125
NO1,2022-09-10,5.1187125
NO2,2022-09-10,5.1187125
NO3,2022-09-10,1.3782875
NO4,2022-09-10,0.40819
NO5,2022-09-10,5.1187125
NO1,2022-09-11,5.040475
NO2,2022-09-11,5.040475
NO3,2022-09-11,2.2883125
NO4,2022-09-11,0.32165
NO5,2022-09-11,5.040475
NO1,2022-09-12,5.103575
NO2,2022-09-12,5.103575
NO3,2022-09-12,2.5104625
NO4,2022-09-12,1.8056
NO5,2022-09-12,5.103575
NO1,2022-09-13,4.778775
NO2,2022-09-13,4.778775
NO3,2022-09-13,0.797
NO4,2022-09-13,0.58185
NO5,2022-09-13,4.778775
NO1,2022-09-14,5.2921625
NO2,2022-09-14,5.2921625
NO3,2022-09-14,0.798825
NO4,2022-09-14,0.54074
NO5,2022-09-14,5.2921625
NO1,2022-09-15,4.5604125
NO2,2022-09-15,4.5604125
NO3,2022-09-15,0.628275
NO4,2022-09-15,0.48603
NO5,2022-09-15,4.5604125
NO1,2022-09-16,4.0126
NO2,2022-09-16,4.0126
NO3,2022-09-16,0.4437125
NO4,2022-09-16,0.2981
NO5,2022-09-16,4.0126
NO1,2022-09-17,3.2763625
NO2,2022-09-17,3.2763625
NO3,2022-09-17,0.4095125
NO4,2022-09-17,0.27118
NO5,2022-09-17,3.2763625
NO1,2022-09-18,1.4384125
NO2,2022-09-18,1.4384125
NO3,2022-09-18,0.3573375
NO4,2022-09-18,0.20973
NO5,2022-09-18,1.4384125
NO1,2022-09-19,3.5058875
NO2,2022-09-19,3.5058875
NO3,2022-09-19,0.416025
NO4,2022-09-19,0.21114
NO5,2022-09-19,3.5058875
NO1,2022-09-20,4.7241875
NO2,2022-09-20,4.7241875
NO3,2022-09-20,0.8348625
NO4,2022-09-20,0.37772
NO5,2022-09-20,4.7241875
NO1,2022-09-21,4.84075
NO2,2022-09-21,4.84075
NO3,2022-09-21,0.570675
NO4,2022-09-21,0.30699
NO5,2022-09-21,4.84075
NO1,2022-09-22,4.75405
NO2,2022-09-22,4.75405
NO3,2022-09-22,0.6959875
NO4,2022-09-22,0.3026
NO5,2022-09-22,4.75405
NO1,2022-09-23,4.4922
NO2,2022-09-23,4.4922
NO3,2022-09-23,0.848875
NO4,2022-09-23,0.23865
NO5,2022-09-23,4.4922
NO1,2022-09-24,4.3964875
NO2,2022-09-24,4.3964875
NO3,2022-09-24,0.873475
NO4,2022-09-24,0.24872
NO5,2022-09-24,4.3964875
NO1,2022-09-25,3.7815875
NO2,2022-09-25,3.7815875
NO3,2022-09-25,0.604425
NO4,2022-09-25,0.18052
NO5,2022-09-25,3.7815875
NO1,2022-09-26,3.2165375
NO2,2022-09-26,3.2165375
NO3,2022-09-26,0.5249
NO4,2022-09-26,0.1711
NO5,2022-09-26,3.2165375
NO1,2022-09-27,3.836025
NO2,2022-09-27,3.836025
NO3,2022-09-27,0.405725
NO4,2022-09-27,0.23029
NO5,2022-09-27,3.836025
NO1,2022-09-28,3.8513625
NO2,2022-09-28,3.8513625
NO3,2022-09-28,0.5933125
NO4,2022-09-28,0.29556
NO5,2022-09-28,3.8513625
NO1,2022-09-29,4.325925
NO2,2022-09-29,4.325925
NO3,2022-09-29,1.103725
NO4,2022-09-29,0.40227
NO5,2022-09-29,4.325925
NO1,2022-09-30,3.6215875
NO2,2022-09-30,3.6215875
NO3,2022-09-30,1.1596375
NO4,2022-09-30,0.46257
NO5,2022-09-30,3.6215875
NO1,2022-10-01,1.13455
NO2,2022-10-01,1.13455
NO3,2022-10-01,0.6903
NO4,2022-10-01,0.32207
NO5,2022-10-01,1.152
NO1,2022-10-02,2.2194625
NO2,2022-10-02,2.2194625
NO3,2022-10-02,1.1248
NO4,2022-10-02,0.45514
NO5,2022-10-02,2.2194625
NO1,2022-10-03,2.923575
NO2,2022-10-03,2.923575
NO3,2022-10-03,0.7708875
NO4,2022-10-03,0.50417
NO5,2022-10-03,2.923575
NO1,2022-10-04,2.57399166666667
NO2,2022-10-04,2.57399166666667
NO3,2022-10-04,0.733736979166666
NO4,2022-10-04,0.402977083333333
NO5,2022-10-04,2.57399166666667
NO1,2022-10-05,0.662166145833333
NO2,2022-10-05,0.662166145833333
NO3,2022-10-05,0.388091666666667
NO4,2022-10-05,0.246425
NO5,2022-10-05,0.662166145833333
NO1,2022-10-06,0.289415625
NO2,2022-10-06,0.289415625
NO3,2022-10-06,0.057890625
NO4,2022-10-06,0.0463125
NO5,2022-10-06,0.289415625
NO1,2022-10-07,0.357402083333333
NO2,2022-10-07,0.362958854166667
NO3,2022-10-07,0.10118125
NO4,2022-10-07,0.080945
NO5,2022-10-07,0.357402083333333
NO1,2022-10-08,0.629263020833333
NO2,2022-10-08,0.639280208333333
NO3,2022-10-08,0.0977197916666667
NO4,2022-10-08,0.0781758333333333
NO5,2022-10-08,0.629263020833333
NO1,2022-10-09,1.15997760416667
NO2,2022-10-09,1.16528489583333
NO3,2022-10-09,0.146848958333333
NO4,2022-10-09,0.117479166666667
NO5,2022-10-09,1.15997760416667
NO1,2022-10-10,1.69476510416667
NO2,2022-10-10,1.69476510416667
NO3,2022-10-10,0.146876041666667
NO4,2022-10-10,0.121637916666667
NO5,2022-10-10,1.69476510416667
NO1,2022-10-11,2.13530104166667
NO2,2022-10-11,2.13530104166667
NO3,2022-10-11,0.119220833333333
NO4,2022-10-11,0.0953766666666667
NO5,2022-10-11,2.13530104166667
NO1,2022-10-12,2.35937708333333
NO2,2022-10-12,2.51542291666667
NO3,2022-10-12,0.2050546875
NO4,2022-10-12,0.158070416666667
NO5,2022-10-12,2.35937708333333
NO1,2022-10-13,2.89742916666667
NO2,2022-10-13,2.90465572916667
NO3,2022-10-13,0.295149479166667
NO4,2022-10-13,0.172603333333333
NO5,2022-10-13,2.89742916666667
NO1,2022-10-14,2.72422916666667
NO2,2022-10-14,2.72422916666667
NO3,2022-10-14,0.2227
NO4,2022-10-14,0.169921666666667
NO5,2022-10-14,2.72422916666667
NO1,2022-10-15,1.99069322916667
NO2,2022-10-15,1.99069322916667
NO3,2022-10-15,0.2343
NO4,2022-10-15,0.171172083333333
NO5,2022-10-15,1.99069322916667
NO1,2022-10-16,1.393609375
NO2,2022-10-16,1.393609375
NO3,2022-10-16,0.224227604166667
NO4,2022-10-16,0.171397916666667
NO5,2022-10-16,1.393609375
NO1,2022-10-17,1.83498489583333
NO2,2022-10-17,1.83498489583333
NO3,2022-10-17,0.310025
NO4,2022-10-17,0.18477125
NO5,2022-10-17,1.83498489583333
NO1,2022-10-18,2.05251770833333
NO2,2022-10-18,2.05251770833333
NO3,2022-10-18,0.3423234375
NO4,2022-10-18,0.211650416666667
NO5,2022-10-18,2.05251770833333
NO1,2022-10-19,1.9983703125
NO2,2022-10-19,1.9983703125
NO3,2022-10-19,0.255838020833333
NO4,2022-10-19,0.168644583333333
NO5,2022-10-19,1.9983703125
NO1,2022-10-20,1.7740671875
NO2,2022-10-20,1.7740671875
NO3,2022-10-20,0.665738541666667
NO4,2022-10-20,0.198219166666667
NO5,2022-10-20,1.7740671875
NO1,2022-10-21,1.95999270833333
NO2,2022-10-21,1.95999270833333
NO3,2022-10-21,0.8463453125
NO4,2022-10-21,0.219347083333333
NO5,2022-10-21,1.95999270833333
NO1,2022-10-22,1.7918265625
NO2,2022-10-22,1.7918265625
NO3,2022-10-22,1.09202447916667
NO4,2022-10-22,0.185215833333333
NO5,2022-10-22,1.7918265625
NO1,2022-10-23,1.28997604166667
NO2,2022-10-23,1.28997604166667
NO3,2022-10-23,0.6450734375
NO4,2022-10-23,0.1956225
NO5,2022-10-23,1.28997604166667
NO1,2022-10-24,1.12236770833333
NO2,2022-10-24,1.0724671875
NO3,2022-10-24,0.653380208333333
NO4,2022-10-24,0.268895
NO5,2022-10-24,1.12236770833333
NO1,2022-10-25,1.36173385416667
NO2,2022-10-25,1.36173385416667
NO3,2022-10-25,0.720255729166667
NO4,2022-10-25,0.2328125
NO5,2022-10-25,1.36173385416667
NO1,2022-10-26,1.52945364583333
NO2,2022-10-26,1.52202239583333
NO3,2022-10-26,0.889829166666667
NO4,2022-10-26,0.271881666666667
NO5,2022-10-26,1.52945364583333
NO1,2022-10-27,1.45485208333333
NO2,2022-10-27,1.47130104166667
NO3,2022-10-27,0.444730729166667
NO4,2022-10-27,0.216292083333333
NO5,2022-10-27,1.45485208333333
NO1,2022-10-28,1.28936041666667
NO2,2022-10-28,1.28936041666667
NO3,2022-10-28,0.394715104166667
NO4,2022-10-28,0.183642916666667
NO5,2022-10-28,1.28936041666667
NO1,2022-10-29,1.26561979166667
NO2,2022-10-29,1.26561979166667
NO3,2022-10-29,0.184196354166667
NO4,2022-10-29,0.139001666666667
NO5,2022-10-29,1.26561979166667
NO1,2022-10-30,1.4650285
NO2,2022-10-30,1.4650285
NO3,2022-10-30,0.451553
NO4,2022-10-30,0.174276
NO5,2022-10-30,1.4650285
NO1,2022-10-31,1.79959375
NO2,2022-10-31,1.79959375
NO3,2022-10-31,0.499658333333333
NO4,2022-10-31,0.214534166666667
NO5,2022-10-31,1.79959375
NO1,2022-11-01,0.9061546875
NO2,2022-11-01,0.9061546875
NO3,2022-11-01,0.378316666666667
NO4,2022-11-01,0.181865416666667
NO5,2022-11-01,0.9061546875
NO1,2022-11-02,0.889672916666667
NO2,2022-11-02,0.889672916666667
NO3,2022-11-02,0.492756770833333
NO4,2022-11-02,0.1755975
NO5,2022-11-02,0.889672916666667
NO1,2022-11-03,1.08120364583333
NO2,2022-11-03,1.08120364583333
NO3,2022-11-03,0.367804166666667
NO4,2022-11-03,0.185861666666667
NO5,2022-11-03,1.08120364583333
NO1,2022-11-04,0.908346875
NO2,2022-11-04,0.908346875
NO3,2022-11-04,0.3388375
NO4,2022-11-04,0.187775416666667
NO5,2022-11-04,0.908346875
NO1,2022-11-05,0.579882291666667
NO2,2022-11-05,0.595660416666667
NO3,2022-11-05,0.342538541666667
NO4,2022-11-05,0.18027375
NO5,2022-11-05,0.579882291666667
NO1,2022-11-06,0.44579375
NO2,2022-11-06,0.44579375
NO3,2022-11-06,0.41345
NO4,2022-11-06,0.189235
NO5,2022-11-06,0.44579375
NO1,2022-11-07,0.546452083333333
NO2,2022-11-07,0.546452083333333
NO3,2022-11-07,0.495979166666667
NO4,2022-11-07,0.178036666666667
NO5,2022-11-07,0.546452083333333
NO1,2022-11-08,0.638578645833333
NO2,2022-11-08,0.638578645833333
NO3,2022-11-08,0.493976041666667
NO4,2022-11-08,0.316112916666667
NO5,2022-11-08,0.638578645833333
NO1,2022-11-09,0.532085416666667
NO2,2022-11-09,0.532085416666667
NO3,2022-11-09,0.372510416666667
NO4,2022-11-09,0.182415833333333
NO5,2022-11-09,0.532085416666667
NO1,2022-11-10,0.342509375
NO2,2022-11-10,0.342509375
NO3,2022-11-10,0.313730729166667
NO4,2022-11-10,0.22034625
NO5,2022-11-10,0.342509375
NO1,2022-11-11,0.0249583333333333
NO2,2022-11-11,0.0249583333333333
NO3,2022-11-11,0.025278125
NO4,2022-11-11,0.0202225
NO5,2022-11-11,0.0249583333333333
NO1,2022-11-12,0.0296416666666667
NO2,2022-11-12,0.0296416666666667
NO3,2022-11-12,0.02498125
NO4,2022-11-12,0.0251354166666667
NO5,2022-11-12,0.0296416666666667
NO1,2022-11-13,0.334078125
NO2,2022-11-13,0.376755729166667
NO3,2022-11-13,0.325082291666667
NO4,2022-11-13,0.170692916666667
NO5,2022-11-13,0.334078125
NO1,2022-11-14,0.6756171875
NO2,2022-11-14,0.6756171875
NO3,2022-11-14,0.518547395833333
NO4,2022-11-14,0.188940833333333
NO5,2022-11-14,0.6756171875
NO1,2022-11-15,0.6448625
NO2,2022-11-15,0.671813541666667
NO3,2022-11-15,0.232455208333333
NO4,2022-11-15,0.18559
NO5,2022-11-15,0.6448625
NO1,2022-11-16,0.34615625
NO2,2022-11-16,0.34615625
NO3,2022-11-16,0.305991666666667
NO4,2022-11-16,0.203854166666667
NO5,2022-11-16,0.34615625
NO1,2022-11-17,0.611390625
NO2,2022-11-17,0.611390625
NO3,2022-11-17,0.422255208333333
NO4,2022-11-17,0.187593333333333
NO5,2022-11-17,0.611390625
NO1,2022-11-18,1.421309375
NO2,2022-11-18,1.421309375
NO3,2022-11-18,0.558765625
NO4,2022-11-18,0.194152083333333
NO5,2022-11-18,1.421309375
NO1,2022-11-19,2.08874322916667
NO2,2022-11-19,2.08874322916667
NO3,2022-11-19,0.939352604166667
NO4,2022-11-19,0.1981
NO5,2022-11-19,2.08874322916667
NO1,2022-11-20,2.0366390625
NO2,2022-11-20,2.0366390625
NO3,2022-11-20,0.598392708333333
NO4,2022-11-20,0.2298325
NO5,2022-11-20,2.0366390625
NO1,2022-11-21,2.62083385416667
NO2,2022-11-21,2.62083385416667
NO3,2022-11-21,2.2335234375
NO4,2022-11-21,1.78681875
NO5,2022-11-21,2.62083385416667
NO1,2022-11-22,2.180421875
NO2,2022-11-22,2.180421875
NO3,2022-11-22,0.758172916666667
NO4,2022-11-22,0.516447916666667
NO5,2022-11-22,2.180421875
NO1,2022-11-23,1.8730625
NO2,2022-11-23,1.8730625
NO3,2022-11-23,0.674414583333333
NO4,2022-11-23,0.398107083333333
NO5,2022-11-23,1.8730625
NO1,2022-11-24,2.15227708333333
NO2,2022-11-24,2.15227708333333
NO3,2022-11-24,0.855369270833334
NO4,2022-11-24,0.384352916666667
NO5,2022-11-24,2.15227708333333
NO1,2022-11-25,2.50416979166667
NO2,2022-11-25,2.50416979166667
NO3,2022-11-25,0.800775520833333
NO4,2022-11-25,0.589499583333334
NO5,2022-11-25,2.50416979166667
NO1,2022-11-26,2.45028802083333
NO2,2022-11-26,2.45028802083333
NO3,2022-11-26,0.883161979166667
NO4,2022-11-26,0.631092916666667
NO5,2022-11-26,2.45028802083333
NO1,2022-11-27,1.81803385416667
NO2,2022-11-27,1.81803385416667
NO3,2022-11-27,0.721275
NO4,2022-11-27,0.32188875
NO5,2022-11-27,1.81803385416667
NO1,2022-11-28,2.43125364583333
NO2,2022-11-28,2.43125364583333
NO3,2022-11-28,0.9658671875
NO4,2022-11-28,0.481807916666667
NO5,2022-11-28,2.43125364583333
NO1,2022-11-29,4.53205677083333
NO2,2022-11-29,4.53205677083333
NO3,2022-11-29,3.04397447916667
NO4,2022-11-29,2.13315375
NO5,2022-11-29,4.53205677083333
NO1,2022-11-30,4.55755260416667
NO2,2022-11-30,4.55755260416667
NO3,2022-11-30,5.0172890625
NO4,2022-11-30,2.43939791666667
NO5,2022-11-30,4.55755260416667
