area,date,start_hour,price,compensation,filtered_price
NO1,2023-09-01,0,0.117775,0,0.117775
NO1,2023-09-01,1,0.1018375,0,0.1018375
NO1,2023-09-01,2,0.0801125,0,0.0801125
NO1,2023-09-01,3,0.045775,0,0.045775
NO1,2023-09-01,4,0.0441875,0,0.0441875
NO1,2023-09-01,5,0.0165125,0,0.0165125
NO1,2023-09-01,6,0.1429875,0,0.1429875
NO1,2023-09-01,7,0.1437125,0,0.1437125
NO1,2023-09-01,8,0.1224125,0,0.1224125
NO1,2023-09-01,9,0.1466,0,0.1466
NO1,2023-09-01,10,0.14675,0,0.14675
NO1,2023-09-01,11,0.1466,0,0.1466
NO1,2023-09-01,12,0.14385,0,0.14385
NO1,2023-09-01,13,0.1437125,0,0.1437125
NO1,2023-09-01,14,0.1324125,0,0.1324125
NO1,2023-09-01,15,0.1380625,0,0.1380625
NO1,2023-09-01,16,0.130525,0,0.130525
NO1,2023-09-01,17,0.1386375,0,0.1386375
NO1,2023-09-01,18,0.14675,0,0.14675
NO1,2023-09-01,19,0.1437125,0,0.1437125
NO1,2023-09-01,20,0.1316875,0,0.1316875
NO1,2023-09-01,21,0.1017,0,0.1017
NO1,2023-09-01,22,0.1429875,0,0.1429875
NO1,2023-09-01,23,0.1017,0,0.1017
NO1,2023-09-02,0,0.030475,0,0.030475
NO1,2023-09-02,1,0.0288875,0,0.0288875
NO1,2023-09-02,2,0.016675,0,0.016675
NO1,2023-09-02,3,0.014375,0,0.014375
NO1,2023-09-02,4,0.0127875,0,0.0127875
NO1,2023-09-02,5,0.0002875,0,0.0002875
NO1,2023-09-02,6,0.0002875,0,0.0002875
NO1,2023-09-02,7,0.000425,0,0.000425
NO1,2023-09-02,8,0.0094875,0,0.0094875
NO1,2023-09-02,9,0.0179625,0,0.0179625
NO1,2023-09-02,10,0.0306125,0,0.0306125
NO1,2023-09-02,11,0.0323375,0,0.0323375
NO1,2023-09-02,12,0.0306125,0,0.0306125
NO1,2023-09-02,13,0.026875,0,0.026875
NO1,2023-09-02,14,0.023575,0,0.023575
NO1,2023-09-02,15,0.0231375,0,0.0231375
NO1,2023-09-02,16,0.02875,0,0.02875
NO1,2023-09-02,17,0.0288875,0,0.0288875
NO1,2023-09-02,18,0.0306125,0,0.0306125
NO1,2023-09-02,19,0.0306125,0,0.0306125
NO1,2023-09-02,20,0.0301875,0,0.0301875
NO1,2023-09-02,21,0.0290375,0,0.0290375
NO1,2023-09-02,22,0.030475,0,0.030475
NO1,2023-09-02,23,0.0283125,0,0.0283125
NO1,2023-09-03,0,0.0297625,0,0.0297625
NO1,2023-09-03,1,0.0291875,0,0.0291875
NO1,2023-09-03,2,0.0158125,0,0.0158125
NO1,2023-09-03,3,0.01395,0,0.01395
NO1,2023-09-03,4,0.0129375,0,0.0129375
NO1,2023-09-03,5,0.0004375,0,0.0004375
NO1,2023-09-03,6,0.000575,0,0.000575
NO1,2023-09-03,7,0.00015,0,0.00015
NO1,2023-09-03,8,0.00015,0,0.00015
NO1,2023-09-03,9,0.0046,0,0.0046
NO1,2023-09-03,10,0.0140875,0,0.0140875
NO1,2023-09-03,11,0.01495,0,0.01495
NO1,2023-09-03,12,0.0152375,0,0.0152375
NO1,2023-09-03,13,0.0158125,0,0.0158125
NO1,2023-09-03,14,0.016675,0,0.016675
NO1,2023-09-03,15,0.0163875,0,0.0163875
NO1,2023-09-03,16,0.016675,0,0.016675
NO1,2023-09-03,17,0.0181125,0,0.0181125
NO1,2023-09-03,18,0.0181125,0,0.0181125
NO1,2023-09-03,19,0.0175375,0,0.0175375
NO1,2023-09-03,20,0.017975,0,0.017975
NO1,2023-09-03,21,0.0163875,0,0.0163875
NO1,2023-09-03,22,0.030475,0,0.030475
NO1,2023-09-03,23,0.012225,0,0.012225
NO1,2023-09-04,0,-0.0027375,0,-0.0027375
NO1,2023-09-04,1,-0.0174,0,-0.0174
NO1,2023-09-04,2,-0.0238625,0,-0.0238625
NO1,2023-09-04,3,-0.025875,0,-0.025875
NO1,2023-09-04,4,-0.02315,0,-0.02315
NO1,2023-09-04,5,-0.0291875,0,-0.0291875
NO1,2023-09-04,6,-0.0382375,0,-0.0382375
NO1,2023-09-04,7,-0.025875,0,-0.025875
NO1,2023-09-04,8,-0.0002875,0,-0.0002875
NO1,2023-09-04,9,-0.004175,0,-0.004175
NO1,2023-09-04,10,-0.0115,0,-0.0115
NO1,2023-09-04,11,-0.0182625,0,-0.0182625
NO1,2023-09-04,12,-0.0197,0,-0.0197
NO1,2023-09-04,13,-0.025875,0,-0.025875
NO1,2023-09-04,14,-0.025875,0,-0.025875
NO1,2023-09-04,15,-0.0146625,0,-0.0146625
NO1,2023-09-04,16,-0.0107875,0,-0.0107875
NO1,2023-09-04,17,-0.01035,0,-0.01035
NO1,2023-09-04,18,-0.022575,0,-0.022575
NO1,2023-09-04,19,-0.026025,0,-0.026025
NO1,2023-09-04,20,-0.025875,0,-0.025875
NO1,2023-09-04,21,-0.025875,0,-0.025875
NO1,2023-09-04,22,-0.026025,0,-0.026025
NO1,2023-09-04,23,-0.0360875,0,-0.0360875
NO1,2023-09-05,0,-0.0352,0,-0.0352
NO1,2023-09-05,1,-0.029025,0,-0.029025
NO1,2023-09-05,2,-0.025425,0,-0.025425
NO1,2023-09-05,3,-0.0093375,0,-0.0093375
NO1,2023-09-05,4,-0.00115,0,-0.00115
NO1,2023-09-05,5,-0.0001375,0,-0.0001375
NO1,2023-09-05,6,0.0155125,0,0.0155125
NO1,2023-09-05,7,0.0201125,0,0.0201125
NO1,2023-09-05,8,0.028875,0,0.028875
NO1,2023-09-05,9,0.0291625,0,0.0291625
NO1,2023-09-05,10,0.028875,0,0.028875
NO1,2023-09-05,11,0.02715,0,0.02715
NO1,2023-09-05,12,0.0235625,0,0.0235625
NO1,2023-09-05,13,0.021975,0,0.021975
NO1,2023-09-05,14,0.0222625,0,0.0222625
NO1,2023-09-05,15,0.024425,0,0.024425
NO1,2023-09-05,16,0.0296,0,0.0296
NO1,2023-09-05,17,0.0293125,0,0.0293125
NO1,2023-09-05,18,0.0293125,0,0.0293125
NO1,2023-09-05,19,0.0291625,0,0.0291625
NO1,2023-09-05,20,0.02945,0,0.02945
NO1,2023-09-05,21,0.0251375,0,0.0251375
NO1,2023-09-05,22,0.0033,0,0.0033
NO1,2023-09-05,23,-0.0023,0,-0.0023
NO2,2023-09-01,0,1.150675,0.2481075,0.9025675
NO2,2023-09-01,1,1.15125,0.248625,0.902625
NO2,2023-09-01,2,1.149375,0.2469375,0.9024375
NO2,2023-09-01,3,1.1496625,0.24719625,0.90246625
NO2,2023-09-01,4,1.1516875,0.24901875,0.90266875
NO2,2023-09-01,5,1.1556,0.25254,0.90306
NO2,2023-09-01,6,1.1829875,0.27718875,0.90579875
NO2,2023-09-01,7,1.2402,0.32868,0.91152
NO2,2023-09-01,8,1.240925,0.3293325,0.9115925
NO2,2023-09-01,9,1.2406375,0.32907375,0.91156375
NO2,2023-09-01,10,1.2405,0.32895,0.91155
NO2,2023-09-01,11,1.2306375,0.32007375,0.91056375
NO2,2023-09-01,12,1.2179,0.30861,0.90929
NO2,2023-09-01,13,1.2154375,0.30639375,0.90904375
NO2,2023-09-01,14,1.2121,0.30339,0.90871
NO2,2023-09-01,15,1.1912375,0.28461375,0.90662375
NO2,2023-09-01,16,1.2180375,0.30873375,0.90930375
NO2,2023-09-01,17,1.21775,0.308475,0.909275
NO2,2023-09-01,18,1.1589375,0.25554375,0.90339375
NO2,2023-09-01,19,1.15835,0.255015,0.903335
NO2,2023-09-01,20,1.1574875,0.25423875,0.90324875
NO2,2023-09-01,21,1.15575,0.252675,0.903075
NO2,2023-09-01,22,1.1482125,0.24589125,0.90232125
NO2,2023-09-01,23,1.1443,0.24237,0.90193
NO2,2023-09-02,0,1.0858125,0.18973125,0.89608125
NO2,2023-09-02,1,1.08395,0.188055,0.895895
NO2,2023-09-02,2,1.0825125,0.18676125,0.89575125
NO2,2023-09-02,3,1.0813625,0.18572625,0.89563625
NO2,2023-09-02,4,1.08065,0.185085,0.895565
NO2,2023-09-02,5,1.081075,0.1854675,0.8956075
NO2,2023-09-02,6,1.0815125,0.18586125,0.89565125
NO2,2023-09-02,7,1.0852375,0.18921375,0.89602375
NO2,2023-09-02,8,1.08955,0.193095,0.896455
NO2,2023-09-02,9,1.0907,0.19413,0.89657
NO2,2023-09-02,10,1.0842375,0.18831375,0.89592375
NO2,2023-09-02,11,1.0688625,0.17447625,0.89438625
NO2,2023-09-02,12,1.0464375,0.15429375,0.89214375
NO2,2023-09-02,13,0.8774,0.00215999999999996,0.87524
NO2,2023-09-02,14,0.7708875,0,0.7708875
NO2,2023-09-02,15,0.9666625,0.08249625,0.88416625
NO2,2023-09-02,16,1.0428375,0.15105375,0.89178375
NO2,2023-09-02,17,1.06455,0.170595,0.893955
NO2,2023-09-02,18,1.0782,0.18288,0.89532
NO2,2023-09-02,19,1.086675,0.1905075,0.8961675
NO2,2023-09-02,20,1.0863875,0.19024875,0.89613875
NO2,2023-09-02,21,1.0871125,0.19090125,0.89621125
NO2,2023-09-02,22,1.08495,0.188955,0.895995
NO2,2023-09-02,23,1.086675,0.1905075,0.8961675
NO2,2023-09-03,0,1.0668875,0.17269875,0.89418875
NO2,2023-09-03,1,1.05955,0.166095,0.893455
NO2,2023-09-03,2,1.0575375,0.16428375,0.89325375
NO2,2023-09-03,3,1.0559625,0.16286625,0.89309625
NO2,2023-09-03,4,1.0529375,0.16014375,0.89279375
NO2,2023-09-03,5,1.056675,0.1635075,0.8931675
NO2,2023-09-03,6,1.0594125,0.16597125,0.89344125
NO2,2023-09-03,7,1.089025,0.1926225,0.8964025
NO2,2023-09-03,8,1.1172,0.21798,0.89922
NO2,2023-09-03,9,1.0448875,0.15289875,0.89198875
NO2,2023-09-03,10,0.9665375,0.0823837500000001,0.88415375
NO2,2023-09-03,11,0.724575,0,0.724575
NO2,2023-09-03,12,0.31715,0,0.31715
NO2,2023-09-03,13,0.1680625,0,0.1680625
NO2,2023-09-03,14,0.073325,0,0.073325
NO2,2023-09-03,15,0.5826875,0,0.5826875
NO2,2023-09-03,16,0.971425,0.0867825,0.8846425
NO2,2023-09-03,17,1.035975,0.1448775,0.8910975
NO2,2023-09-03,18,1.0615625,0.16790625,0.89365625
NO2,2023-09-03,19,1.0617125,0.16804125,0.89367125
NO2,2023-09-03,20,1.0627125,0.16894125,0.89377125
NO2,2023-09-03,21,1.063725,0.1698525,0.8938725
NO2,2023-09-03,22,1.0598375,0.16635375,0.89348375
NO2,2023-09-03,23,1.0599875,0.16648875,0.89349875
NO2,2023-09-04,0,1.0795375,0.18408375,0.89545375
NO2,2023-09-04,1,1.0782375,0.18291375,0.89532375
NO2,2023-09-04,2,1.0783875,0.18304875,0.89533875
NO2,2023-09-04,3,1.0781,0.18279,0.89531
NO2,2023-09-04,4,1.0789625,0.18356625,0.89539625
NO2,2023-09-04,5,1.0783875,0.18304875,0.89533875
NO2,2023-09-04,6,1.0753625,0.18032625,0.89503625
NO2,2023-09-04,7,1.084275,0.1883475,0.8959275
NO2,2023-09-04,8,1.3041,0.38619,0.91791
NO2,2023-09-04,9,1.2946125,0.37765125,0.91696125
NO2,2023-09-04,10,1.2938875,0.37699875,0.91688875
NO2,2023-09-04,11,1.1433625,0.24152625,0.90183625
NO2,2023-09-04,12,1.0816875,0.18601875,0.89566875
NO2,2023-09-04,13,1.0101,0.12159,0.88851
NO2,2023-09-04,14,1.0098125,0.12133125,0.88848125
NO2,2023-09-04,15,1.11375,0.214875,0.898875
NO2,2023-09-04,16,1.2673,0.35307,0.91423
NO2,2023-09-04,17,1.5089625,0.57056625,0.93839625
NO2,2023-09-04,18,1.43665,0.505485,0.931165
NO2,2023-09-04,19,1.231925,0.3212325,0.9106925
NO2,2023-09-04,20,1.240125,0.3286125,0.9115125
NO2,2023-09-04,21,1.2586625,0.34529625,0.91336625
NO2,2023-09-04,22,1.2312125,0.32059125,0.91062125
NO2,2023-09-04,23,1.2115125,0.30286125,0.90865125
NO2,2023-09-05,0,1.17305,0.268245,0.904805
NO2,2023-09-05,1,1.1727625,0.26798625,0.90477625
NO2,2023-09-05,2,1.172625,0.2678625,0.9047625
NO2,2023-09-05,3,1.1496375,0.24717375,0.90246375
NO2,2023-09-05,4,1.1387125,0.23734125,0.90137125
NO2,2023-09-05,5,1.1727625,0.26798625,0.90477625
NO2,2023-09-05,6,1.1989125,0.29152125,0.90739125
NO2,2023-09-05,7,1.2918625,0.37517625,0.91668625
NO2,2023-09-05,8,1.300625,0.3830625,0.9175625
NO2,2023-09-05,9,1.29445,0.377505,0.916945
NO2,2023-09-05,10,1.2250625,0.31505625,0.91000625
NO2,2023-09-05,11,1.13225,0.231525,0.900725
NO2,2023-09-05,12,1.0196125,0.13015125,0.88946125
NO2,2023-09-05,13,1.0449,0.15291,0.89199
NO2,2023-09-05,14,1.036425,0.1452825,0.8911425
NO2,2023-09-05,15,1.155525,0.2524725,0.9030525
NO2,2023-09-05,16,1.2322375,0.32151375,0.91072375
NO2,2023-09-05,17,1.2895625,0.37310625,0.91645625
NO2,2023-09-05,18,1.2889875,0.37258875,0.91639875
NO2,2023-09-05,19,1.1733375,0.26850375,0.90483375
NO2,2023-09-05,20,1.1733375,0.26850375,0.90483375
NO2,2023-09-05,21,1.1733375,0.26850375,0.90483375
NO2,2023-09-05,22,1.1658625,0.26177625,0.90408625
NO2,2023-09-05,23,1.1377125,0.23644125,0.90127125
NO3,2023-09-01,0,0.2924875,0,0.2924875
NO3,2023-09-01,1,0.28655,0,0.28655
NO3,2023-09-01,2,0.2748125,0,0.2748125
NO3,2023-09-01,3,0.2735125,0,0.2735125
NO3,2023-09-01,4,0.2749625,0,0.2749625
NO3,2023-09-01,5,0.2881375,0,0.2881375
NO3,2023-09-01,6,0.311175,0,0.311175
NO3,2023-09-01,7,0.3431875,0,0.3431875
NO3,2023-09-01,8,0.3823,0,0.3823
NO3,2023-09-01,9,0.429675,0,0.429675
NO3,2023-09-01,10,0.44445,0,0.44445
NO3,2023-09-01,11,0.4511125,0,0.4511125
NO3,2023-09-01,12,0.463575,0,0.463575
NO3,2023-09-01,13,0.4078,0,0.4078
NO3,2023-09-01,14,0.3823,0,0.3823
NO3,2023-09-01,15,0.433875,0,0.433875
NO3,2023-09-01,16,0.4388,0,0.4388
NO3,2023-09-01,17,0.4618375,0,0.4618375
NO3,2023-09-01,18,0.46285,0,0.46285
NO3,2023-09-01,19,0.4363375,0,0.4363375
NO3,2023-09-01,20,0.3869375,0,0.3869375
NO3,2023-09-01,21,0.3453625,0,0.3453625
NO3,2023-09-01,22,0.318275,0,0.318275
NO3,2023-09-01,23,0.2916125,0,0.2916125
NO3,2023-09-02,0,0.271525,0,0.271525
NO3,2023-09-02,1,0.2593125,0,0.2593125
NO3,2023-09-02,2,0.2491,0,0.2491
NO3,2023-09-02,3,0.2401875,0,0.2401875
NO3,2023-09-02,4,0.2455125,0,0.2455125
NO3,2023-09-02,5,0.2374625,0,0.2374625
NO3,2023-09-02,6,0.264625,0,0.264625
NO3,2023-09-02,7,0.2781375,0,0.2781375
NO3,2023-09-02,8,0.281875,0,0.281875
NO3,2023-09-02,9,0.2902125,0,0.2902125
NO3,2023-09-02,10,0.2932375,0,0.2932375
NO3,2023-09-02,11,0.2918,0,0.2918
NO3,2023-09-02,12,0.2836,0,0.2836
NO3,2023-09-02,13,0.28015,0,0.28015
NO3,2023-09-02,14,0.2800125,0,0.2800125
NO3,2023-09-02,15,0.294525,0,0.294525
NO3,2023-09-02,16,0.311625,0,0.311625
NO3,2023-09-02,17,0.335775,0,0.335775
NO3,2023-09-02,18,0.351875,0,0.351875
NO3,2023-09-02,19,0.3590625,0,0.3590625
NO3,2023-09-02,20,0.3580625,0,0.3580625
NO3,2023-09-02,21,0.338075,0,0.338075
NO3,2023-09-02,22,0.3096125,0,0.3096125
NO3,2023-09-02,23,0.3005625,0,0.3005625
NO3,2023-09-03,0,0.28465,0,0.28465
NO3,2023-09-03,1,0.2786125,0,0.2786125
NO3,2023-09-03,2,0.276025,0,0.276025
NO3,2023-09-03,3,0.27675,0,0.27675
NO3,2023-09-03,4,0.2814875,0,0.2814875
NO3,2023-09-03,5,0.2835,0,0.2835
NO3,2023-09-03,6,0.282925,0,0.282925
NO3,2023-09-03,7,0.29875,0,0.29875
NO3,2023-09-03,8,0.32045,0,0.32045
NO3,2023-09-03,9,0.3023375,0,0.3023375
NO3,2023-09-03,10,0.2866625,0,0.2866625
NO3,2023-09-03,11,0.2845125,0,0.2845125
NO3,2023-09-03,12,0.2802,0,0.2802
NO3,2023-09-03,13,0.1669125,0,0.1669125
NO3,2023-09-03,14,0.071025,0,0.071025
NO3,2023-09-03,15,0.22585,0,0.22585
NO3,2023-09-03,16,0.280625,0,0.280625
NO3,2023-09-03,17,0.28135,0,0.28135
NO3,2023-09-03,18,0.2825,0,0.2825
NO3,2023-09-03,19,0.2827875,0,0.2827875
NO3,2023-09-03,20,0.2820625,0,0.2820625
NO3,2023-09-03,21,0.22945,0,0.22945
NO3,2023-09-03,22,0.1391625,0,0.1391625
NO3,2023-09-03,23,0.0199875,0,0.0199875
NO3,2023-09-04,0,-0.0027375,0,-0.0027375
NO3,2023-09-04,1,-0.0174,0,-0.0174
NO3,2023-09-04,2,-0.0238625,0,-0.0238625
NO3,2023-09-04,3,-0.025875,0,-0.025875
NO3,2023-09-04,4,-0.02315,0,-0.02315
NO3,2023-09-04,5,-0.0020125,0,-0.0020125
NO3,2023-09-04,6,0.037525,0,0.037525
NO3,2023-09-04,7,0.1835875,0,0.1835875
NO3,2023-09-04,8,0.2255625,0,0.2255625
NO3,2023-09-04,9,0.2471375,0,0.2471375
NO3,2023-09-04,10,0.250725,0,0.250725
NO3,2023-09-04,11,0.2573375,0,0.2573375
NO3,2023-09-04,12,0.273725,0,0.273725
NO3,2023-09-04,13,0.2789,0,0.2789
NO3,2023-09-04,14,0.2513,0,0.2513
NO3,2023-09-04,15,0.21105,0,0.21105
NO3,2023-09-04,16,0.1774125,0,0.1774125
NO3,2023-09-04,17,0.0711625,0,0.0711625
NO3,2023-09-04,18,0.032775,0,0.032775
NO3,2023-09-04,19,0.0084875,0,0.0084875
NO3,2023-09-04,20,0,0,0
NO3,2023-09-04,21,-0.00115,0,-0.00115
NO3,2023-09-04,22,-0.0221375,0,-0.0221375
NO3,2023-09-04,23,-0.0301875,0,-0.0301875
NO3,2023-09-05,0,-0.0352,0,-0.0352
NO3,2023-09-05,1,-0.029025,0,-0.029025
NO3,2023-09-05,2,-0.025425,0,-0.025425
NO3,2023-09-05,3,-0.0093375,0,-0.0093375
NO3,2023-09-05,4,0.0001375,0,0.0001375
NO3,2023-09-05,5,0.0579,0,0.0579
NO3,2023-09-05,6,0.2061625,0,0.2061625
NO3,2023-09-05,7,0.2517125,0,0.2517125
NO3,2023-09-05,8,0.253425,0,0.253425
NO3,2023-09-05,9,0.2488375,0,0.2488375
NO3,2023-09-05,10,0.2361875,0,0.2361875
NO3,2023-09-05,11,0.2134875,0,0.2134875
NO3,2023-09-05,12,0.2011375,0,0.2011375
NO3,2023-09-05,13,0.131025,0,0.131025
NO3,2023-09-05,14,0.174275,0,0.174275
NO3,2023-09-05,15,0.184325,0,0.184325
NO3,2023-09-05,16,0.1869125,0,0.1869125
NO3,2023-09-05,17,0.1895,0,0.1895
NO3,2023-09-05,18,0.1497,0,0.1497
NO3,2023-09-05,19,0.0909375,0,0.0909375
NO3,2023-09-05,20,0.0514375,0,0.0514375
NO3,2023-09-05,21,0.0251375,0,0.0251375
NO3,2023-09-05,22,0.0033,0,0.0033
NO3,2023-09-05,23,-0.0023,0,-0.0023
NO4,2023-09-01,0,0.23399,0,0.23399
NO4,2023-09-01,1,0.22924,0,0.22924
NO4,2023-09-01,2,0.21985,0,0.21985
NO4,2023-09-01,3,0.21881,0,0.21881
NO4,2023-09-01,4,0.21997,0,0.21997
NO4,2023-09-01,5,0.23051,0,0.23051
NO4,2023-09-01,6,0.24894,0,0.24894
NO4,2023-09-01,7,0.27455,0,0.27455
NO4,2023-09-01,8,0.30584,0,0.30584
NO4,2023-09-01,9,0.34374,0,0.34374
NO4,2023-09-01,10,0.35556,0,0.35556
NO4,2023-09-01,11,0.36089,0,0.36089
NO4,2023-09-01,12,0.37086,0,0.37086
NO4,2023-09-01,13,0.32624,0,0.32624
NO4,2023-09-01,14,0.30584,0,0.30584
NO4,2023-09-01,15,0.3471,0,0.3471
NO4,2023-09-01,16,0.35104,0,0.35104
NO4,2023-09-01,17,0.36947,0,0.36947
NO4,2023-09-01,18,0.37028,0,0.37028
NO4,2023-09-01,19,0.34907,0,0.34907
NO4,2023-09-01,20,0.30955,0,0.30955
NO4,2023-09-01,21,0.27629,0,0.27629
NO4,2023-09-01,22,0.25462,0,0.25462
NO4,2023-09-01,23,0.23329,0,0.23329
NO4,2023-09-02,0,0.21722,0,0.21722
NO4,2023-09-02,1,0.20745,0,0.20745
NO4,2023-09-02,2,0.19928,0,0.19928
NO4,2023-09-02,3,0.19215,0,0.19215
NO4,2023-09-02,4,0.19641,0,0.19641
NO4,2023-09-02,5,0.18997,0,0.18997
NO4,2023-09-02,6,0.2117,0,0.2117
NO4,2023-09-02,7,0.22251,0,0.22251
NO4,2023-09-02,8,0.2255,0,0.2255
NO4,2023-09-02,9,0.23217,0,0.23217
NO4,2023-09-02,10,0.23459,0,0.23459
NO4,2023-09-02,11,0.23344,0,0.23344
NO4,2023-09-02,12,0.22688,0,0.22688
NO4,2023-09-02,13,0.22412,0,0.22412
NO4,2023-09-02,14,0.22401,0,0.22401
NO4,2023-09-02,15,0.23562,0,0.23562
NO4,2023-09-02,16,0.2493,0,0.2493
NO4,2023-09-02,17,0.26862,0,0.26862
NO4,2023-09-02,18,0.2815,0,0.2815
NO4,2023-09-02,19,0.28725,0,0.28725
NO4,2023-09-02,20,0.28645,0,0.28645
NO4,2023-09-02,21,0.27046,0,0.27046
NO4,2023-09-02,22,0.24769,0,0.24769
NO4,2023-09-02,23,0.24045,0,0.24045
NO4,2023-09-03,0,0.22772,0,0.22772
NO4,2023-09-03,1,0.22289,0,0.22289
NO4,2023-09-03,2,0.22082,0,0.22082
NO4,2023-09-03,3,0.2214,0,0.2214
NO4,2023-09-03,4,0.22519,0,0.22519
NO4,2023-09-03,5,0.2268,0,0.2268
NO4,2023-09-03,6,0.22634,0,0.22634
NO4,2023-09-03,7,0.239,0,0.239
NO4,2023-09-03,8,0.25636,0,0.25636
NO4,2023-09-03,9,0.24187,0,0.24187
NO4,2023-09-03,10,0.22933,0,0.22933
NO4,2023-09-03,11,0.22761,0,0.22761
NO4,2023-09-03,12,0.22416,0,0.22416
NO4,2023-09-03,13,0.13353,0,0.13353
NO4,2023-09-03,14,0.05682,0,0.05682
NO4,2023-09-03,15,0.18068,0,0.18068
NO4,2023-09-03,16,0.2245,0,0.2245
NO4,2023-09-03,17,0.22508,0,0.22508
NO4,2023-09-03,18,0.226,0,0.226
NO4,2023-09-03,19,0.22623,0,0.22623
NO4,2023-09-03,20,0.22565,0,0.22565
NO4,2023-09-03,21,0.18356,0,0.18356
NO4,2023-09-03,22,0.11133,0,0.11133
NO4,2023-09-03,23,0.01599,0,0.01599
NO4,2023-09-04,0,-0.00219,0,-0.00219
NO4,2023-09-04,1,-0.01392,0,-0.01392
NO4,2023-09-04,2,-0.01909,0,-0.01909
NO4,2023-09-04,3,-0.0207,0,-0.0207
NO4,2023-09-04,4,-0.01852,0,-0.01852
NO4,2023-09-04,5,-0.00161,0,-0.00161
NO4,2023-09-04,6,0.03002,0,0.03002
NO4,2023-09-04,7,0.14687,0,0.14687
NO4,2023-09-04,8,0.18045,0,0.18045
NO4,2023-09-04,9,0.19771,0,0.19771
NO4,2023-09-04,10,0.20058,0,0.20058
NO4,2023-09-04,11,0.20587,0,0.20587
NO4,2023-09-04,12,0.21898,0,0.21898
NO4,2023-09-04,13,0.22312,0,0.22312
NO4,2023-09-04,14,0.20104,0,0.20104
NO4,2023-09-04,15,0.16884,0,0.16884
NO4,2023-09-04,16,0.14193,0,0.14193
NO4,2023-09-04,17,0.05693,0,0.05693
NO4,2023-09-04,18,0.02622,0,0.02622
NO4,2023-09-04,19,0.00679,0,0.00679
NO4,2023-09-04,20,0,0,0
NO4,2023-09-04,21,-0.00092,0,-0.00092
NO4,2023-09-04,22,-0.01771,0,-0.01771
NO4,2023-09-04,23,-0.02415,0,-0.02415
NO4,2023-09-05,0,-0.02816,0,-0.02816
NO4,2023-09-05,1,-0.02322,0,-0.02322
NO4,2023-09-05,2,-0.02034,0,-0.02034
NO4,2023-09-05,3,-0.00747,0,-0.00747
NO4,2023-09-05,4,0.00011,0,0.00011
NO4,2023-09-05,5,0.04632,0,0.04632
NO4,2023-09-05,6,0.16493,0,0.16493
NO4,2023-09-05,7,0.20137,0,0.20137
NO4,2023-09-05,8,0.20274,0,0.20274
NO4,2023-09-05,9,0.19907,0,0.19907
NO4,2023-09-05,10,0.18895,0,0.18895
NO4,2023-09-05,11,0.17079,0,0.17079
NO4,2023-09-05,12,0.16091,0,0.16091
NO4,2023-09-05,13,0.10482,0,0.10482
NO4,2023-09-05,14,0.13942,0,0.13942
NO4,2023-09-05,15,0.14746,0,0.14746
NO4,2023-09-05,16,0.14953,0,0.14953
NO4,2023-09-05,17,0.1516,0,0.1516
NO4,2023-09-05,18,0.11976,0,0.11976
NO4,2023-09-05,19,0.07275,0,0.07275
NO4,2023-09-05,20,0.04115,0,0.04115
NO4,2023-09-05,21,0.02011,0,0.02011
NO4,2023-09-05,22,0.00264,0,0.00264
NO4,2023-09-05,23,-0.00184,0,-0.00184
NO5,2023-09-01,0,0.117775,0,0.117775
NO5,2023-09-01,1,0.1018375,0,0.1018375
NO5,2023-09-01,2,0.0801125,0,0.0801125
NO5,2023-09-01,3,0.045775,0,0.045775
NO5,2023-09-01,4,0.0441875,0,0.0441875
NO5,2023-09-01,5,0.0165125,0,0.0165125
NO5,2023-09-01,6,0.1429875,0,0.1429875
NO5,2023-09-01,7,0.1437125,0,0.1437125
NO5,2023-09-01,8,0.1224125,0,0.1224125
NO5,2023-09-01,9,0.1466,0,0.1466
NO5,2023-09-01,10,0.14675,0,0.14675
NO5,2023-09-01,11,0.1466,0,0.1466
NO5,2023-09-01,12,0.14385,0,0.14385
NO5,2023-09-01,13,0.1437125,0,0.1437125
NO5,2023-09-01,14,0.1324125,0,0.1324125
NO5,2023-09-01,15,0.1380625,0,0.1380625
NO5,2023-09-01,16,0.130525,0,0.130525
NO5,2023-09-01,17,0.1386375,0,0.1386375
NO5,2023-09-01,18,0.14675,0,0.14675
NO5,2023-09-01,19,0.1437125,0,0.1437125
NO5,2023-09-01,20,0.1316875,0,0.1316875
NO5,2023-09-01,21,0.1017,0,0.1017
NO5,2023-09-01,22,0.1429875,0,0.1429875
NO5,2023-09-01,23,0.1017,0,0.1017
NO5,2023-09-02,0,0.030475,0,0.030475
NO5,2023-09-02,1,0.0288875,0,0.0288875
NO5,2023-09-02,2,0.016675,0,0.016675
NO5,2023-09-02,3,0.014375,0,0.014375
NO5,2023-09-02,4,0.0127875,0,0.0127875
NO5,2023-09-02,5,0.0002875,0,0.0002875
NO5,2023-09-02,6,0.0002875,0,0.0002875
NO5,2023-09-02,7,0.000425,0,0.000425
NO5,2023-09-02,8,0.0094875,0,0.0094875
NO5,2023-09-02,9,0.0179625,0,0.0179625
NO5,2023-09-02,10,0.0306125,0,0.0306125
NO5,2023-09-02,11,0.0323375,0,0.0323375
NO5,2023-09-02,12,0.0306125,0,0.0306125
NO5,2023-09-02,13,0.026875,0,0.026875
NO5,2023-09-02,14,0.023575,0,0.023575
NO5,2023-09-02,15,0.0231375,0,0.0231375
NO5,2023-09-02,16,0.02875,0,0.02875
NO5,2023-09-02,17,0.0288875,0,0.0288875
NO5,2023-09-02,18,0.0306125,0,0.0306125
NO5,2023-09-02,19,0.0306125,0,0.0306125
NO5,2023-09-02,20,0.0301875,0,0.0301875
NO5,2023-09-02,21,0.0290375,0,0.0290375
NO5,2023-09-02,22,0.030475,0,0.030475
NO5,2023-09-02,23,0.0283125,0,0.0283125
NO5,2023-09-03,0,0.0297625,0,0.0297625
NO5,2023-09-03,1,0.0291875,0,0.0291875
NO5,2023-09-03,2,0.0158125,0,0.0158125
NO5,2023-09-03,3,0.01395,0,0.01395
NO5,2023-09-03,4,0.0129375,0,0.0129375
NO5,2023-09-03,5,0.0004375,0,0.0004375
NO5,2023-09-03,6,0.000575,0,0.000575
NO5,2023-09-03,7,0.00015,0,0.00015
NO5,2023-09-03,8,0.00015,0,0.00015
NO5,2023-09-03,9,0.0046,0,0.0046
NO5,2023-09-03,10,0.0140875,0,0.0140875
NO5,2023-09-03,11,0.01495,0,0.01495
NO5,2023-09-03,12,0.0152375,0,0.0152375
NO5,2023-09-03,13,0.0158125,0,0.0158125
NO5,2023-09-03,14,0.016675,0,0.016675
NO5,2023-09-03,15,0.0163875,0,0.0163875
NO5,2023-09-03,16,0.016675,0,0.016675
NO5,2023-09-03,17,0.0181125,0,0.0181125
NO5,2023-09-03,18,0.0181125,0,0.0181125
NO5,2023-09-03,19,0.0175375,0,0.0175375
NO5,2023-09-03,20,0.017975,0,0.017975
NO5,2023-09-03,21,0.0163875,0,0.0163875
NO5,2023-09-03,22,0.030475,0,0.030475
NO5,2023-09-03,23,0.012225,0,0.012225
NO5,2023-09-04,0,-0.0027375,0,-0.0027375
NO5,2023-09-04,1,-0.0174,0,-0.0174
NO5,2023-09-04,2,-0.0238625,0,-0.0238625
NO5,2023-09-04,3,-0.025875,0,-0.025875
NO5,2023-09-04,4,-0.02315,0,-0.02315
NO5,2023-09-04,5,-0.0291875,0,-0.0291875
NO5,2023-09-04,6,-0.0382375,0,-0.0382375
NO5,2023-09-04,7,-0.025875,0,-0.025875
NO5,2023-09-04,8,-0.0002875,0,-0.0002875
NO5,2023-09-04,9,-0.004175,0,-0.004175
NO5,2023-09-04,10,-0.0115,0,-0.0115
NO5,2023-09-04,11,-0.0182625,0,-0.0182625
NO5,2023-09-04,12,-0.0197,0,-0.0197
NO5,2023-09-04,13,-0.025875,0,-0.025875
NO5,2023-09-04,14,-0.025875,0,-0.025875
NO5,2023-09-04,15,-0.0146625,0,-0.0146625
NO5,2023-09-04,16,-0.0107875,0,-0.0107875
NO5,2023-09-04,17,-0.01035,0,-0.01035
NO5,2023-09-04,18,-0.022575,0,-0.022575
NO5,2023-09-04,19,-0.026025,0,-0.026025
NO5,2023-09-04,20,-0.025875,0,-0.025875
NO5,2023-09-04,21,-0.025875,0,-0.025875
NO5,2023-09-04,22,-0.026025,0,-0.026025
NO5,2023-09-04,23,-0.0360875,0,-0.0360875
NO5,2023-09-05,0,-0.0352,0,-0.0352
NO5,2023-09-05,1,-0.029025,0,-0.029025
NO5,2023-09-05,2,-0.025425,0,-0.025425
NO5,2023-09-05,3,-0.0093375,0,-0.0093375
NO5,2023-09-05,4,-0.00115,0,-0.00115
NO5,2023-09-05,5,-0.0001375,0,-0.0001375
NO5,2023-09-05,6,0.0155125,0,0.0155125
NO5,2023-09-05,7,0.0201125,0,0.0201125
NO5,2023-09-05,8,0.028875,0,0.028875
NO5,2023-09-05,9,0.0291625,0,0.0291625
NO5,2023-09-05,10,0.028875,0,0.028875
NO5,2023-09-05,11,0.02715,0,0.02715
NO5,2023-09-05,12,0.0235625,0,0.0235625
NO5,2023-09-05,13,0.021975,0,0.021975
NO5,2023-09-05,14,0.0222625,0,0.0222625
NO5,2023-09-05,15,0.024425,0,0.024425
NO5,2023-09-05,16,0.0296,0,0.0296
NO5,2023-09-05,17,0.0293125,0,0.0293125
NO5,2023-09-05,18,0.0293125,0,0.0293125
NO5,2023-09-05,19,0.0291625,0,0.0291625
NO5,2023-09-05,20,0.02945,0,0.02945
NO5,2023-09-05,21,0.0251375,0,0.0251375
NO5,2023-09-05,22,0.0033,0,0.0033
NO5,2023-09-05,23,-0.0023,0,-0.0023
NO1,2023-09-06,0,0.0085125,0,0.0085125
NO1,2023-09-06,1,0.003175,0,0.003175
NO1,2023-09-06,2,0,0,0
NO1,2023-09-06,3,0,0,0
NO1,2023-09-06,4,0.010675,0,0.010675
NO1,2023-09-06,5,0.0288375,0,0.0288375
NO1,2023-09-06,6,0.0399375,0,0.0399375
NO1,2023-09-06,7,0.0529125,0,0.0529125
NO1,2023-09-06,8,0.0579625,0,0.0579625
NO1,2023-09-06,9,0.0579625,0,0.0579625
NO1,2023-09-06,10,0.0705,0,0.0705
NO1,2023-09-06,11,0.0670375,0,0.0670375
NO1,2023-09-06,12,0.061275,0,0.061275
NO1,2023-09-06,13,0.062575,0,0.062575
NO1,2023-09-06,14,0.0627125,0,0.0627125
NO1,2023-09-06,15,0.0640125,0,0.0640125
NO1,2023-09-06,16,0.06545,0,0.06545
NO1,2023-09-06,17,0.0614125,0,0.0614125
NO1,2023-09-06,18,0.0598375,0,0.0598375
NO1,2023-09-06,19,0.0594,0,0.0594
NO1,2023-09-06,20,0.058675,0,0.058675
NO1,2023-09-06,21,0.0583875,0,0.0583875
NO1,2023-09-06,22,0.0579625,0,0.0579625
NO1,2023-09-06,23,0.04325,0,0.04325
NO2,2023-09-06,0,1.1046625,0.20669625,0.89796625
NO2,2023-09-06,1,1.0376125,0.14635125,0.89126125
NO2,2023-09-06,2,1.013975,0.1250775,0.8888975
NO2,2023-09-06,3,1.017,0.1278,0.8892
NO2,2023-09-06,4,1.0135375,0.12468375,0.88885375
NO2,2023-09-06,5,1.0242125,0.13429125,0.88992125
NO2,2023-09-06,6,1.0506,0.15804,0.89256
NO2,2023-09-06,7,1.2573375,0.34410375,0.91323375
NO2,2023-09-06,8,1.2621,0.34839,0.91371
NO2,2023-09-06,9,1.365325,0.4412925,0.9240325
NO2,2023-09-06,10,1.23845,0.327105,0.911345
NO2,2023-09-06,11,1.1469,0.24471,0.90219
NO2,2023-09-06,12,1.0501625,0.15764625,0.89251625
NO2,2023-09-06,13,1.0259375,0.13584375,0.89009375
NO2,2023-09-06,14,1.0544875,0.16153875,0.89294875
NO2,2023-09-06,15,1.152525,0.2497725,0.9027525
NO2,2023-09-06,16,1.277525,0.3622725,0.9152525
NO2,2023-09-06,17,1.479075,0.5436675,0.9354075
NO2,2023-09-06,18,1.2742125,0.35929125,0.91492125
NO2,2023-09-06,19,1.15195,0.249255,0.902695
NO2,2023-09-06,20,1.147475,0.2452275,0.9022475
NO2,2023-09-06,21,1.1045125,0.20656125,0.89795125
NO2,2023-09-06,22,1.0405,0.14895,0.89155
NO2,2023-09-06,23,1.0308375,0.14025375,0.89058375
NO3,2023-09-06,0,-0.01615,0,-0.01615
NO3,2023-09-06,1,-0.015,0,-0.015
NO3,2023-09-06,2,-0.0145625,0,-0.0145625
NO3,2023-09-06,3,0,0,0
NO3,2023-09-06,4,0.010675,0,0.010675
NO3,2023-09-06,5,0.0288375,0,0.0288375
NO3,2023-09-06,6,0.14345,0,0.14345
NO3,2023-09-06,7,0.2154,0,0.2154
NO3,2023-09-06,8,0.2785375,0,0.2785375
NO3,2023-09-06,9,0.286325,0,0.286325
NO3,2023-09-06,10,0.2768125,0,0.2768125
NO3,2023-09-06,11,0.272775,0,0.272775
NO3,2023-09-06,12,0.2624,0,0.2624
NO3,2023-09-06,13,0.264275,0,0.264275
NO3,2023-09-06,14,0.2941125,0,0.2941125
NO3,2023-09-06,15,0.34775,0,0.34775
NO3,2023-09-06,16,0.2769625,0,0.2769625
NO3,2023-09-06,17,0.275225,0,0.275225
NO3,2023-09-06,18,0.2732125,0,0.2732125
NO3,2023-09-06,19,0.2719125,0,0.2719125
NO3,2023-09-06,20,0.2750875,0,0.2750875
NO3,2023-09-06,21,0.272925,0,0.272925
NO3,2023-09-06,22,0.2719125,0,0.2719125
NO3,2023-09-06,23,0.247975,0,0.247975
NO4,2023-09-06,0,-0.01292,0,-0.01292
NO4,2023-09-06,1,-0.012,0,-0.012
NO4,2023-09-06,2,-0.01165,0,-0.01165
NO4,2023-09-06,3,0,0,0
NO4,2023-09-06,4,0.00854,0,0.00854
NO4,2023-09-06,5,0.02307,0,0.02307
NO4,2023-09-06,6,0.11476,0,0.11476
NO4,2023-09-06,7,0.17232,0,0.17232
NO4,2023-09-06,8,0.20519,0,0.20519
NO4,2023-09-06,9,0.206,0,0.206
NO4,2023-09-06,10,0.2068,0,0.2068
NO4,2023-09-06,11,0.20819,0,0.20819
NO4,2023-09-06,12,0.20957,0,0.20957
NO4,2023-09-06,13,0.21015,0,0.21015
NO4,2023-09-06,14,0.20773,0,0.20773
NO4,2023-09-06,15,0.20888,0,0.20888
NO4,2023-09-06,16,0.21591,0,0.21591
NO4,2023-09-06,17,0.22018,0,0.22018
NO4,2023-09-06,18,0.21857,0,0.21857
NO4,2023-09-06,19,0.21753,0,0.21753
NO4,2023-09-06,20,0.22007,0,0.22007
NO4,2023-09-06,21,0.21834,0,0.21834
NO4,2023-09-06,22,0.21753,0,0.21753
NO4,2023-09-06,23,0.19838,0,0.19838
NO5,2023-09-06,0,0.0085125,0,0.0085125
NO5,2023-09-06,1,0.003175,0,0.003175
NO5,2023-09-06,2,0,0,0
NO5,2023-09-06,3,0,0,0
NO5,2023-09-06,4,0.010675,0,0.010675
NO5,2023-09-06,5,0.0288375,0,0.0288375
NO5,2023-09-06,6,0.0399375,0,0.0399375
NO5,2023-09-06,7,0.0529125,0,0.0529125
NO5,2023-09-06,8,0.0579625,0,0.0579625
NO5,2023-09-06,9,0.0579625,0,0.0579625
NO5,2023-09-06,10,0.0705,0,0.0705
NO5,2023-09-06,11,0.0670375,0,0.0670375
NO5,2023-09-06,12,0.061275,0,0.061275
NO5,2023-09-06,13,0.062575,0,0.062575
NO5,2023-09-06,14,0.0627125,0,0.0627125
NO5,2023-09-06,15,0.0640125,0,0.0640125
NO5,2023-09-06,16,0.06545,0,0.06545
NO5,2023-09-06,17,0.0614125,0,0.0614125
NO5,2023-09-06,18,0.0598375,0,0.0598375
NO5,2023-09-06,19,0.0594,0,0.0594
NO5,2023-09-06,20,0.058675,0,0.058675
NO5,2023-09-06,21,0.0583875,0,0.0583875
NO5,2023-09-06,22,0.0579625,0,0.0579625
NO5,2023-09-06,23,0.04325,0,0.04325
NO1,2023-09-07,0,0.0519875,0,0.0519875
NO1,2023-09-07,1,0.0492625,0,0.0492625
NO1,2023-09-07,2,0.04725,0,0.04725
NO1,2023-09-07,3,0.045525,0,0.045525
NO1,2023-09-07,4,0.0458125,0,0.0458125
NO1,2023-09-07,5,0.0458125,0,0.0458125
NO1,2023-09-07,6,0.057875,0,0.057875
NO1,2023-09-07,7,0.0677875,0,0.0677875
NO1,2023-09-07,8,0.068225,0,0.068225
NO1,2023-09-07,9,0.0718125,0,0.0718125
NO1,2023-09-07,10,0.068225,0,0.068225
NO1,2023-09-07,11,0.0683625,0,0.0683625
NO1,2023-09-07,12,0.0712375,0,0.0712375
NO1,2023-09-07,13,0.070525,0,0.070525
NO1,2023-09-07,14,0.0700875,0,0.0700875
NO1,2023-09-07,15,0.0708125,0,0.0708125
NO1,2023-09-07,16,0.0718125,0,0.0718125
NO1,2023-09-07,17,0.069225,0,0.069225
NO1,2023-09-07,18,0.068225,0,0.068225
NO1,2023-09-07,19,0.0706625,0,0.0706625
NO1,2023-09-07,20,0.0719625,0,0.0719625
NO1,2023-09-07,21,0.0723875,0,0.0723875
NO1,2023-09-07,22,0.0708125,0,0.0708125
NO1,2023-09-07,23,0.0634875,0,0.0634875
NO2,2023-09-07,0,1.0104125,0.12187125,0.88854125
NO2,2023-09-07,1,1.0048125,0.11683125,0.88798125
NO2,2023-09-07,2,1.0042375,0.11631375,0.88792375
NO2,2023-09-07,3,1.00395,0.116055,0.887895
NO2,2023-09-07,4,1.003375,0.1155375,0.8878375
NO2,2023-09-07,5,1.004375,0.1164375,0.8879375
NO2,2023-09-07,6,1.0079625,0.11966625,0.88829625
NO2,2023-09-07,7,1.0973,0.20007,0.89723
NO2,2023-09-07,8,1.1493,0.24687,0.90243
NO2,2023-09-07,9,1.1494375,0.24699375,0.90244375
NO2,2023-09-07,10,1.149725,0.2472525,0.9024725
NO2,2023-09-07,11,1.0632625,0.16943625,0.89382625
NO2,2023-09-07,12,1.0125625,0.12380625,0.88875625
NO2,2023-09-07,13,0.953825,0.0709425,0.8828825
NO2,2023-09-07,14,0.9847,0.09873,0.88597
NO2,2023-09-07,15,1.0433,0.15147,0.89183
NO2,2023-09-07,16,1.0688625,0.17447625,0.89438625
NO2,2023-09-07,17,1.0688625,0.17447625,0.89438625
NO2,2023-09-07,18,1.0621125,0.16840125,0.89371125
NO2,2023-09-07,19,1.055225,0.1622025,0.8930225
NO2,2023-09-07,20,1.05465,0.161685,0.892965
NO2,2023-09-07,21,1.0628375,0.16905375,0.89378375
NO2,2023-09-07,22,1.048325,0.1559925,0.8923325
NO2,2023-09-07,23,1.0345375,0.14358375,0.89095375
NO3,2023-09-07,0,0.2038,0,0.2038
NO3,2023-09-07,1,0.1845625,0,0.1845625
NO3,2023-09-07,2,0.1815375,0,0.1815375
NO3,2023-09-07,3,0.1806875,0,0.1806875
NO3,2023-09-07,4,0.1826875,0,0.1826875
NO3,2023-09-07,5,0.2052375,0,0.2052375
NO3,2023-09-07,6,0.2532125,0,0.2532125
NO3,2023-09-07,7,0.257375,0,0.257375
NO3,2023-09-07,8,0.308075,0,0.308075
NO3,2023-09-07,9,0.326025,0,0.326025
NO3,2023-09-07,10,0.301325,0,0.301325
NO3,2023-09-07,11,0.2851,0,0.2851
NO3,2023-09-07,12,0.2728875,0,0.2728875
NO3,2023-09-07,13,0.2667125,0,0.2667125
NO3,2023-09-07,14,0.260675,0,0.260675
NO3,2023-09-07,15,0.2414375,0,0.2414375
NO3,2023-09-07,16,0.2402875,0,0.2402875
NO3,2023-09-07,17,0.239425,0,0.239425
NO3,2023-09-07,18,0.2369875,0,0.2369875
NO3,2023-09-07,19,0.235975,0,0.235975
NO3,2023-09-07,20,0.238425,0,0.238425
NO3,2023-09-07,21,0.23655,0,0.23655
NO3,2023-09-07,22,0.2244875,0,0.2244875
NO3,2023-09-07,23,0.1857125,0,0.1857125
NO4,2023-09-07,0,0.16304,0,0.16304
NO4,2023-09-07,1,0.14765,0,0.14765
NO4,2023-09-07,2,0.14523,0,0.14523
NO4,2023-09-07,3,0.14455,0,0.14455
NO4,2023-09-07,4,0.14615,0,0.14615
NO4,2023-09-07,5,0.16419,0,0.16419
NO4,2023-09-07,6,0.20257,0,0.20257
NO4,2023-09-07,7,0.2059,0,0.2059
NO4,2023-09-07,8,0.24646,0,0.24646
NO4,2023-09-07,9,0.26082,0,0.26082
NO4,2023-09-07,10,0.24106,0,0.24106
NO4,2023-09-07,11,0.22808,0,0.22808
NO4,2023-09-07,12,0.21831,0,0.21831
NO4,2023-09-07,13,0.21337,0,0.21337
NO4,2023-09-07,14,0.20854,0,0.20854
NO4,2023-09-07,15,0.19315,0,0.19315
NO4,2023-09-07,16,0.19223,0,0.19223
NO4,2023-09-07,17,0.19154,0,0.19154
NO4,2023-09-07,18,0.18959,0,0.18959
NO4,2023-09-07,19,0.18878,0,0.18878
NO4,2023-09-07,20,0.19074,0,0.19074
NO4,2023-09-07,21,0.18924,0,0.18924
NO4,2023-09-07,22,0.17959,0,0.17959
NO4,2023-09-07,23,0.14857,0,0.14857
NO5,2023-09-07,0,0.0519875,0,0.0519875
NO5,2023-09-07,1,0.0492625,0,0.0492625
NO5,2023-09-07,2,0.04725,0,0.04725
NO5,2023-09-07,3,0.045525,0,0.045525
NO5,2023-09-07,4,0.0458125,0,0.0458125
NO5,2023-09-07,5,0.0458125,0,0.0458125
NO5,2023-09-07,6,0.057875,0,0.057875
NO5,2023-09-07,7,0.0677875,0,0.0677875
NO5,2023-09-07,8,0.068225,0,0.068225
NO5,2023-09-07,9,0.0718125,0,0.0718125
NO5,2023-09-07,10,0.068225,0,0.068225
NO5,2023-09-07,11,0.0683625,0,0.0683625
NO5,2023-09-07,12,0.0712375,0,0.0712375
NO5,2023-09-07,13,0.070525,0,0.070525
NO5,2023-09-07,14,0.0700875,0,0.0700875
NO5,2023-09-07,15,0.0708125,0,0.0708125
NO5,2023-09-07,16,0.0718125,0,0.0718125
NO5,2023-09-07,17,0.069225,0,0.069225
NO5,2023-09-07,18,0.068225,0,0.068225
NO5,2023-09-07,19,0.0706625,0,0.0706625
NO5,2023-09-07,20,0.0719625,0,0.0719625
NO5,2023-09-07,21,0.0723875,0,0.0723875
NO5,2023-09-07,22,0.0708125,0,0.0708125
NO5,2023-09-07,23,0.0634875,0,0.0634875
NO1,2023-09-08,0,0.0511375,0,0.0511375
NO1,2023-09-08,1,0.048125,0,0.048125
NO1,2023-09-08,2,0.0459625,0,0.0459625
NO1,2023-09-08,3,0.0449625,0,0.0449625
NO1,2023-09-08,4,0.0449625,0,0.0449625
NO1,2023-09-08,5,0.0459625,0,0.0459625
NO1,2023-09-08,6,0.0555875,0,0.0555875
NO1,2023-09-08,7,0.0599,0,0.0599
NO1,2023-09-08,8,0.0682375,0,0.0682375
NO1,2023-09-08,9,0.0670875,0,0.0670875
NO1,2023-09-08,10,0.0665125,0,0.0665125
NO1,2023-09-08,11,0.069375,0,0.069375
NO1,2023-09-08,12,0.06995,0,0.06995
NO1,2023-09-08,13,0.0642125,0,0.0642125
NO1,2023-09-08,14,0.060475,0,0.060475
NO1,2023-09-08,15,0.057175,0,0.057175
NO1,2023-09-08,16,0.057025,0,0.057025
NO1,2023-09-08,17,0.0573125,0,0.0573125
NO1,2023-09-08,18,0.055875,0,0.055875
NO1,2023-09-08,19,0.055875,0,0.055875
NO1,2023-09-08,20,0.055875,0,0.055875
NO1,2023-09-08,21,0.0544375,0,0.0544375
NO1,2023-09-08,22,0.0543,0,0.0543
NO1,2023-09-08,23,0.050425,0,0.050425
NO2,2023-09-08,0,1.0106875,0.12211875,0.88856875
NO2,2023-09-08,1,1.00695,0.118755,0.888195
NO2,2023-09-08,2,1.01485,0.125865,0.888985
NO2,2023-09-08,3,1.01255,0.123795,0.888755
NO2,2023-09-08,4,1.029075,0.1386675,0.8904075
NO2,2023-09-08,5,1.0654125,0.17137125,0.89404125
NO2,2023-09-08,6,1.0624,0.16866,0.89374
NO2,2023-09-08,7,1.0690125,0.17461125,0.89440125
NO2,2023-09-08,8,1.0763375,0.18120375,0.89513375
NO2,2023-09-08,9,1.0695875,0.17512875,0.89445875
NO2,2023-09-08,10,1.047175,0.1549575,0.8922175
NO2,2023-09-08,11,1.0593875,0.16594875,0.89343875
NO2,2023-09-08,12,1.0141375,0.12522375,0.88891375
NO2,2023-09-08,13,0.982675,0.0969075,0.8857675
NO2,2023-09-08,14,1.0072375,0.11901375,0.88822375
NO2,2023-09-08,15,1.0695875,0.17512875,0.89445875
NO2,2023-09-08,16,1.100325,0.2027925,0.8975325
NO2,2023-09-08,17,1.1323625,0.23162625,0.90073625
NO2,2023-09-08,18,1.1323625,0.23162625,0.90073625
NO2,2023-09-08,19,1.1323625,0.23162625,0.90073625
NO2,2023-09-08,20,1.132075,0.2313675,0.9007075
NO2,2023-09-08,21,1.114975,0.2159775,0.8989975
NO2,2023-09-08,22,1.0780625,0.18275625,0.89530625
NO2,2023-09-08,23,1.077625,0.1823625,0.8952625
NO3,2023-09-08,0,0.2190625,0,0.2190625
NO3,2023-09-08,1,0.2205,0,0.2205
NO3,2023-09-08,2,0.22035,0,0.22035
NO3,2023-09-08,3,0.219925,0,0.219925
NO3,2023-09-08,4,0.2189125,0,0.2189125
NO3,2023-09-08,5,0.2166125,0,0.2166125
NO3,2023-09-08,6,0.219925,0,0.219925
NO3,2023-09-08,7,0.2238,0,0.2238
NO3,2023-09-08,8,0.22725,0,0.22725
NO3,2023-09-08,9,0.226675,0,0.226675
NO3,2023-09-08,10,0.22595,0,0.22595
NO3,2023-09-08,11,0.2250875,0,0.2250875
NO3,2023-09-08,12,0.22595,0,0.22595
NO3,2023-09-08,13,0.225375,0,0.225375
NO3,2023-09-08,14,0.2239375,0,0.2239375
NO3,2023-09-08,15,0.222225,0,0.222225
NO3,2023-09-08,16,0.218625,0,0.218625
NO3,2023-09-08,17,0.217625,0,0.217625
NO3,2023-09-08,18,0.216475,0,0.216475
NO3,2023-09-08,19,0.2128875,0,0.2128875
NO3,2023-09-08,20,0.21245,0,0.21245
NO3,2023-09-08,21,0.191625,0,0.191625
NO3,2023-09-08,22,0.168925,0,0.168925
NO3,2023-09-08,23,0.1397625,0,0.1397625
NO4,2023-09-08,0,0.17525,0,0.17525
NO4,2023-09-08,1,0.1764,0,0.1764
NO4,2023-09-08,2,0.17628,0,0.17628
NO4,2023-09-08,3,0.17594,0,0.17594
NO4,2023-09-08,4,0.17513,0,0.17513
NO4,2023-09-08,5,0.17329,0,0.17329
NO4,2023-09-08,6,0.17594,0,0.17594
NO4,2023-09-08,7,0.17904,0,0.17904
NO4,2023-09-08,8,0.1818,0,0.1818
NO4,2023-09-08,9,0.18134,0,0.18134
NO4,2023-09-08,10,0.18076,0,0.18076
NO4,2023-09-08,11,0.18007,0,0.18007
NO4,2023-09-08,12,0.18076,0,0.18076
NO4,2023-09-08,13,0.1803,0,0.1803
NO4,2023-09-08,14,0.17915,0,0.17915
NO4,2023-09-08,15,0.17778,0,0.17778
NO4,2023-09-08,16,0.1749,0,0.1749
NO4,2023-09-08,17,0.1741,0,0.1741
NO4,2023-09-08,18,0.17318,0,0.17318
NO4,2023-09-08,19,0.17031,0,0.17031
NO4,2023-09-08,20,0.16996,0,0.16996
NO4,2023-09-08,21,0.1533,0,0.1533
NO4,2023-09-08,22,0.13514,0,0.13514
NO4,2023-09-08,23,0.11181,0,0.11181
NO5,2023-09-08,0,0.0511375,0,0.0511375
NO5,2023-09-08,1,0.048125,0,0.048125
NO5,2023-09-08,2,0.0459625,0,0.0459625
NO5,2023-09-08,3,0.0449625,0,0.0449625
NO5,2023-09-08,4,0.0449625,0,0.0449625
NO5,2023-09-08,5,0.0459625,0,0.0459625
NO5,2023-09-08,6,0.0555875,0,0.0555875
NO5,2023-09-08,7,0.0599,0,0.0599
NO5,2023-09-08,8,0.0682375,0,0.0682375
NO5,2023-09-08,9,0.0670875,0,0.0670875
NO5,2023-09-08,10,0.0665125,0,0.0665125
NO5,2023-09-08,11,0.069375,0,0.069375
NO5,2023-09-08,12,0.06995,0,0.06995
NO5,2023-09-08,13,0.0642125,0,0.0642125
NO5,2023-09-08,14,0.060475,0,0.060475
NO5,2023-09-08,15,0.057175,0,0.057175
NO5,2023-09-08,16,0.057025,0,0.057025
NO5,2023-09-08,17,0.0573125,0,0.0573125
NO5,2023-09-08,18,0.055875,0,0.055875
NO5,2023-09-08,19,0.055875,0,0.055875
NO5,2023-09-08,20,0.055875,0,0.055875
NO5,2023-09-08,21,0.0544375,0,0.0544375
NO5,2023-09-08,22,0.0543,0,0.0543
NO5,2023-09-08,23,0.050425,0,0.050425
NO1,2023-09-09,0,0.042975,0,0.042975
NO1,2023-09-09,1,0.0397,0,0.0397
NO1,2023-09-09,2,0.0339875,0,0.0339875
NO1,2023-09-09,3,0.031125,0,0.031125
NO1,2023-09-09,4,0.0299875,0,0.0299875
NO1,2023-09-09,5,0.01385,0,0.01385
NO1,2023-09-09,6,0.013425,0,0.013425
NO1,2023-09-09,7,0.0211375,0,0.0211375
NO1,2023-09-09,8,0.0289875,0,0.0289875
NO1,2023-09-09,9,0.04355,0,0.04355
NO1,2023-09-09,10,0.0486875,0,0.0486875
NO1,2023-09-09,11,0.0512625,0,0.0512625
NO1,2023-09-09,12,0.0496875,0,0.0496875
NO1,2023-09-09,13,0.0481125,0,0.0481125
NO1,2023-09-09,14,0.046975,0,0.046975
NO1,2023-09-09,15,0.0468375,0,0.0468375
NO1,2023-09-09,16,0.0484,0,0.0484
NO1,2023-09-09,17,0.0491125,0,0.0491125
NO1,2023-09-09,18,0.047975,0,0.047975
NO1,2023-09-09,19,0.0476875,0,0.0476875
NO1,2023-09-09,20,0.0442625,0,0.0442625
NO1,2023-09-09,21,0.0275625,0,0.0275625
NO1,2023-09-09,22,0.012425,0,0.012425
NO1,2023-09-09,23,0.0105625,0,0.0105625
NO2,2023-09-09,0,1.0923,0.19557,0.89673
NO2,2023-09-09,1,1.0793,0.18387,0.89543
NO2,2023-09-09,2,1.0720125,0.17731125,0.89470125
NO2,2023-09-09,3,1.0715875,0.17692875,0.89465875
NO2,2023-09-09,4,1.0711625,0.17654625,0.89461625
NO2,2023-09-09,5,1.0711625,0.17654625,0.89461625
NO2,2023-09-09,6,1.0711625,0.17654625,0.89461625
NO2,2023-09-09,7,1.0775875,0.18232875,0.89525875
NO2,2023-09-09,8,1.105575,0.2075175,0.8980575
NO2,2023-09-09,9,1.117275,0.2180475,0.8992275
NO2,2023-09-09,10,0.9675,0.08325,0.88425
NO2,2023-09-09,11,0.9003875,0.02284875,0.87753875
NO2,2023-09-09,12,0.43135,0,0.43135
NO2,2023-09-09,13,0.0763875,0,0.0763875
NO2,2023-09-09,14,0.1916125,0,0.1916125
NO2,2023-09-09,15,0.900825,0.0232425,0.8775825
NO2,2023-09-09,16,1.0037625,0.11588625,0.88787625
NO2,2023-09-09,17,1.13955,0.238095,0.901455
NO2,2023-09-09,18,1.1412625,0.23963625,0.90162625
NO2,2023-09-09,19,1.155975,0.2528775,0.9030975
NO2,2023-09-09,20,1.1561125,0.25300125,0.90311125
NO2,2023-09-09,21,1.1561125,0.25300125,0.90311125
NO2,2023-09-09,22,1.1404125,0.23887125,0.90154125
NO2,2023-09-09,23,1.1329875,0.23218875,0.90079875
NO3,2023-09-09,0,0.164625,0,0.164625
NO3,2023-09-09,1,0.1592,0,0.1592
NO3,2023-09-09,2,0.1556375,0,0.1556375
NO3,2023-09-09,3,0.1546375,0,0.1546375
NO3,2023-09-09,4,0.151925,0,0.151925
NO3,2023-09-09,5,0.125075,0,0.125075
NO3,2023-09-09,6,0.142925,0,0.142925
NO3,2023-09-09,7,0.1506375,0,0.1506375
NO3,2023-09-09,8,0.1787625,0,0.1787625
NO3,2023-09-09,9,0.218175,0,0.218175
NO3,2023-09-09,10,0.2214625,0,0.2214625
NO3,2023-09-09,11,0.2213125,0,0.2213125
NO3,2023-09-09,12,0.2148875,0,0.2148875
NO3,2023-09-09,13,0.1522125,0,0.1522125
NO3,2023-09-09,14,0.166775,0,0.166775
NO3,2023-09-09,15,0.19005,0,0.19005
NO3,2023-09-09,16,0.1929,0,0.1929
NO3,2023-09-09,17,0.1916125,0,0.1916125
NO3,2023-09-09,18,0.1762,0,0.1762
NO3,2023-09-09,19,0.14435,0,0.14435
NO3,2023-09-09,20,0.0442625,0,0.0442625
NO3,2023-09-09,21,0.0275625,0,0.0275625
NO3,2023-09-09,22,0.012425,0,0.012425
NO3,2023-09-09,23,-0.0051375,0,-0.0051375
NO4,2023-09-09,0,0.1317,0,0.1317
NO4,2023-09-09,1,0.12736,0,0.12736
NO4,2023-09-09,2,0.12451,0,0.12451
NO4,2023-09-09,3,0.12371,0,0.12371
NO4,2023-09-09,4,0.12154,0,0.12154
NO4,2023-09-09,5,0.10006,0,0.10006
NO4,2023-09-09,6,0.11434,0,0.11434
NO4,2023-09-09,7,0.12051,0,0.12051
NO4,2023-09-09,8,0.14301,0,0.14301
NO4,2023-09-09,9,0.17454,0,0.17454
NO4,2023-09-09,10,0.17717,0,0.17717
NO4,2023-09-09,11,0.17705,0,0.17705
NO4,2023-09-09,12,0.17191,0,0.17191
NO4,2023-09-09,13,0.12177,0,0.12177
NO4,2023-09-09,14,0.13342,0,0.13342
NO4,2023-09-09,15,0.15204,0,0.15204
NO4,2023-09-09,16,0.15432,0,0.15432
NO4,2023-09-09,17,0.15329,0,0.15329
NO4,2023-09-09,18,0.14096,0,0.14096
NO4,2023-09-09,19,0.11548,0,0.11548
NO4,2023-09-09,20,0.03541,0,0.03541
NO4,2023-09-09,21,0.02205,0,0.02205
NO4,2023-09-09,22,0.00994,0,0.00994
NO4,2023-09-09,23,-0.00411,0,-0.00411
NO5,2023-09-09,0,0.042975,0,0.042975
NO5,2023-09-09,1,0.0397,0,0.0397
NO5,2023-09-09,2,0.0339875,0,0.0339875
NO5,2023-09-09,3,0.031125,0,0.031125
NO5,2023-09-09,4,0.0299875,0,0.0299875
NO5,2023-09-09,5,0.01385,0,0.01385
NO5,2023-09-09,6,0.013425,0,0.013425
NO5,2023-09-09,7,0.0211375,0,0.0211375
NO5,2023-09-09,8,0.0289875,0,0.0289875
NO5,2023-09-09,9,0.04355,0,0.04355
NO5,2023-09-09,10,0.0486875,0,0.0486875
NO5,2023-09-09,11,0.0512625,0,0.0512625
NO5,2023-09-09,12,0.0496875,0,0.0496875
NO5,2023-09-09,13,0.0481125,0,0.0481125
NO5,2023-09-09,14,0.046975,0,0.046975
NO5,2023-09-09,15,0.0468375,0,0.0468375
NO5,2023-09-09,16,0.0484,0,0.0484
NO5,2023-09-09,17,0.0491125,0,0.0491125
NO5,2023-09-09,18,0.047975,0,0.047975
NO5,2023-09-09,19,0.0476875,0,0.0476875
NO5,2023-09-09,20,0.0442625,0,0.0442625
NO5,2023-09-09,21,0.0275625,0,0.0275625
NO5,2023-09-09,22,0.012425,0,0.012425
NO5,2023-09-09,23,0.0105625,0,0.0105625
NO1,2023-09-10,0,0.01515,0,0.01515
NO1,2023-09-10,1,0.009575,0,0.009575
NO1,2023-09-10,2,0.007,0,0.007
NO1,2023-09-10,3,0.006425,0,0.006425
NO1,2023-09-10,4,0.0077125,0,0.0077125
NO1,2023-09-10,5,0.006,0,0.006
NO1,2023-09-10,6,0.0320125,0,0.0320125
NO1,2023-09-10,7,0.019725,0,0.019725
NO1,2023-09-10,8,0.023725,0,0.023725
NO1,2023-09-10,9,0.0313,0,0.0313
NO1,2023-09-10,10,0.0415875,0,0.0415875
NO1,2023-09-10,11,0.0425875,0,0.0425875
NO1,2023-09-10,12,0.0503,0,0.0503
NO1,2023-09-10,13,0.0244375,0,0.0244375
NO1,2023-09-10,14,0.0521625,0,0.0521625
NO1,2023-09-10,15,0.0531625,0,0.0531625
NO1,2023-09-10,16,0.057025,0,0.057025
NO1,2023-09-10,17,0.05445,0,0.05445
NO1,2023-09-10,18,0.05545,0,0.05545
NO1,2023-09-10,19,0.05645,0,0.05645
NO1,2023-09-10,20,0.0583125,0,0.0583125
NO1,2023-09-10,21,0.0575875,0,0.0575875
NO1,2023-09-10,22,0.058875,0,0.058875
NO1,2023-09-10,23,0.0501625,0,0.0501625
NO2,2023-09-10,0,1.0781,0.18279,0.89531
NO2,2023-09-10,1,1.0731,0.17829,0.89481
NO2,2023-09-10,2,1.07295,0.178155,0.894795
NO2,2023-09-10,3,1.0728125,0.17803125,0.89478125
NO2,2023-09-10,4,1.0728125,0.17803125,0.89478125
NO2,2023-09-10,5,1.0728125,0.17803125,0.89478125
NO2,2023-09-10,6,1.0728125,0.17803125,0.89478125
NO2,2023-09-10,7,1.1074,0.20916,0.89824
NO2,2023-09-10,8,1.0466625,0.15449625,0.89216625
NO2,2023-09-10,9,0.9249,0.0449100000000001,0.87999
NO2,2023-09-10,10,0.88475,0.00877500000000003,0.875975
NO2,2023-09-10,11,0.73155,0,0.73155
NO2,2023-09-10,12,0.1217625,0,0.1217625
NO2,2023-09-10,13,0.0244375,0,0.0244375
NO2,2023-09-10,14,0.516325,0,0.516325
NO2,2023-09-10,15,0.857875,0,0.857875
NO2,2023-09-10,16,0.914325,0.0353925000000001,0.8789325
NO2,2023-09-10,17,0.999075,0.1116675,0.8874075
NO2,2023-09-10,18,1.0833875,0.18754875,0.89583875
NO2,2023-09-10,19,1.0873875,0.19114875,0.89623875
NO2,2023-09-10,20,1.0923875,0.19564875,0.89673875
NO2,2023-09-10,21,1.085675,0.1896075,0.8960675
NO2,2023-09-10,22,1.0711,0.17649,0.89461
NO2,2023-09-10,23,1.0510875,0.15847875,0.89260875
NO3,2023-09-10,0,-0.0288625,0,-0.0288625
NO3,2023-09-10,1,-0.025575,0,-0.025575
NO3,2023-09-10,2,-0.016575,0,-0.016575
NO3,2023-09-10,3,-0.005575,0,-0.005575
NO3,2023-09-10,4,0.0077125,0,0.0077125
NO3,2023-09-10,5,0.006,0,0.006
NO3,2023-09-10,6,0.0320125,0,0.0320125
NO3,2023-09-10,7,0.0706,0,0.0706
NO3,2023-09-10,8,0.1452,0,0.1452
NO3,2023-09-10,9,0.1612,0,0.1612
NO3,2023-09-10,10,0.1654875,0,0.1654875
NO3,2023-09-10,11,0.1642,0,0.1642
NO3,2023-09-10,12,0.118325,0,0.118325
NO3,2023-09-10,13,0.0274375,0,0.0274375
NO3,2023-09-10,14,0.0783125,0,0.0783125
NO3,2023-09-10,15,0.187925,0,0.187925
NO3,2023-09-10,16,0.1925,0,0.1925
NO3,2023-09-10,17,0.2047875,0,0.2047875
NO3,2023-09-10,18,0.2149375,0,0.2149375
NO3,2023-09-10,19,0.2219375,0,0.2219375
NO3,2023-09-10,20,0.223075,0,0.223075
NO3,2023-09-10,21,0.2217875,0,0.2217875
NO3,2023-09-10,22,0.21765,0,0.21765
NO3,2023-09-10,23,0.2165,0,0.2165
NO4,2023-09-10,0,-0.02309,0,-0.02309
NO4,2023-09-10,1,-0.02046,0,-0.02046
NO4,2023-09-10,2,-0.01326,0,-0.01326
NO4,2023-09-10,3,-0.00446,0,-0.00446
NO4,2023-09-10,4,0.00617,0,0.00617
NO4,2023-09-10,5,0.0048,0,0.0048
NO4,2023-09-10,6,0.02561,0,0.02561
NO4,2023-09-10,7,0.05648,0,0.05648
NO4,2023-09-10,8,0.11616,0,0.11616
NO4,2023-09-10,9,0.12896,0,0.12896
NO4,2023-09-10,10,0.13239,0,0.13239
NO4,2023-09-10,11,0.13136,0,0.13136
NO4,2023-09-10,12,0.09466,0,0.09466
NO4,2023-09-10,13,0.02195,0,0.02195
NO4,2023-09-10,14,0.06265,0,0.06265
NO4,2023-09-10,15,0.15034,0,0.15034
NO4,2023-09-10,16,0.154,0,0.154
NO4,2023-09-10,17,0.16383,0,0.16383
NO4,2023-09-10,18,0.17195,0,0.17195
NO4,2023-09-10,19,0.17298,0,0.17298
NO4,2023-09-10,20,0.17355,0,0.17355
NO4,2023-09-10,21,0.17458,0,0.17458
NO4,2023-09-10,22,0.17412,0,0.17412
NO4,2023-09-10,23,0.1732,0,0.1732
NO5,2023-09-10,0,0.01515,0,0.01515
NO5,2023-09-10,1,0.009575,0,0.009575
NO5,2023-09-10,2,0.007,0,0.007
NO5,2023-09-10,3,0.006425,0,0.006425
NO5,2023-09-10,4,0.0077125,0,0.0077125
NO5,2023-09-10,5,0.006,0,0.006
NO5,2023-09-10,6,0.0320125,0,0.0320125
NO5,2023-09-10,7,0.019725,0,0.019725
NO5,2023-09-10,8,0.023725,0,0.023725
NO5,2023-09-10,9,0.0313,0,0.0313
NO5,2023-09-10,10,0.0415875,0,0.0415875
NO5,2023-09-10,11,0.0425875,0,0.0425875
NO5,2023-09-10,12,0.0503,0,0.0503
NO5,2023-09-10,13,0.0244375,0,0.0244375
NO5,2023-09-10,14,0.0521625,0,0.0521625
NO5,2023-09-10,15,0.0531625,0,0.0531625
NO5,2023-09-10,16,0.057025,0,0.057025
NO5,2023-09-10,17,0.05445,0,0.05445
NO5,2023-09-10,18,0.05545,0,0.05545
NO5,2023-09-10,19,0.05645,0,0.05645
NO5,2023-09-10,20,0.0583125,0,0.0583125
NO5,2023-09-10,21,0.0575875,0,0.0575875
NO5,2023-09-10,22,0.058875,0,0.058875
NO5,2023-09-10,23,0.0501625,0,0.0501625
NO1,2023-09-11,0,0.044875,0,0.044875
NO1,2023-09-11,1,0.0443,0,0.0443
NO1,2023-09-11,2,0.042725,0,0.042725
NO1,2023-09-11,3,0.0423,0,0.0423
NO1,2023-09-11,4,0.0423,0,0.0423
NO1,2023-09-11,5,0.0440125,0,0.0440125
NO1,2023-09-11,6,0.0477375,0,0.0477375
NO1,2023-09-11,7,0.0527375,0,0.0527375
NO1,2023-09-11,8,0.0643125,0,0.0643125
NO1,2023-09-11,9,0.0636,0,0.0636
NO1,2023-09-11,10,0.0611625,0,0.0611625
NO1,2023-09-11,11,0.059025,0,0.059025
NO1,2023-09-11,12,0.0575875,0,0.0575875
NO1,2023-09-11,13,0.0567375,0,0.0567375
NO1,2023-09-11,14,0.0575875,0,0.0575875
NO1,2023-09-11,15,0.0575875,0,0.0575875
NO1,2023-09-11,16,0.0577375,0,0.0577375
NO1,2023-09-11,17,0.0577375,0,0.0577375
NO1,2023-09-11,18,0.05545,0,0.05545
NO1,2023-09-11,19,0.0547375,0,0.0547375
NO1,2023-09-11,20,0.0431625,0,0.0431625
NO1,2023-09-11,21,0.0441625,0,0.0441625
NO1,2023-09-11,22,0.043875,0,0.043875
NO1,2023-09-11,23,0.0390125,0,0.0390125
NO2,2023-09-11,0,1.0731,0.17829,0.89481
NO2,2023-09-11,1,1.07195,0.177255,0.894695
NO2,2023-09-11,2,1.05895,0.165555,0.893395
NO2,2023-09-11,3,1.03465,0.143685,0.890965
NO2,2023-09-11,4,1.004075,0.1161675,0.8879075
NO2,2023-09-11,5,0.999925,0.1124325,0.8874925
NO2,2023-09-11,6,0.98535,0.099315,0.886035
NO2,2023-09-11,7,1.0243625,0.13442625,0.88993625
NO2,2023-09-11,8,1.067375,0.1731375,0.8942375
NO2,2023-09-11,9,1.0245125,0.13456125,0.88995125
NO2,2023-09-11,10,0.9993625,0.11192625,0.88743625
NO2,2023-09-11,11,0.999925,0.1124325,0.8874925
NO2,2023-09-11,12,1.0245125,0.13456125,0.88995125
NO2,2023-09-11,13,1.0722375,0.17751375,0.89472375
NO2,2023-09-11,14,1.074675,0.1797075,0.8949675
NO2,2023-09-11,15,1.0925375,0.19578375,0.89675375
NO2,2023-09-11,16,1.0999625,0.20246625,0.89749625
NO2,2023-09-11,17,1.100675,0.2031075,0.8975675
NO2,2023-09-11,18,1.1005375,0.20298375,0.89755375
NO2,2023-09-11,19,1.0905375,0.19398375,0.89655375
NO2,2023-09-11,20,1.0923875,0.19564875,0.89673875
NO2,2023-09-11,21,1.09225,0.195525,0.896725
NO2,2023-09-11,22,1.07295,0.178155,0.894795
NO2,2023-09-11,23,1.07195,0.177255,0.894695
NO3,2023-09-11,0,0.21865,0,0.21865
NO3,2023-09-11,1,0.2199375,0,0.2199375
NO3,2023-09-11,2,0.2197875,0,0.2197875
NO3,2023-09-11,3,0.2195125,0,0.2195125
NO3,2023-09-11,4,0.21865,0,0.21865
NO3,2023-09-11,5,0.21665,0,0.21665
NO3,2023-09-11,6,0.21665,0,0.21665
NO3,2023-09-11,7,0.2187875,0,0.2187875
NO3,2023-09-11,8,0.21865,0,0.21865
NO3,2023-09-11,9,0.2167875,0,0.2167875
NO3,2023-09-11,10,0.2147875,0,0.2147875
NO3,2023-09-11,11,0.1925,0,0.1925
NO3,2023-09-11,12,0.1784875,0,0.1784875
NO3,2023-09-11,13,0.1649125,0,0.1649125
NO3,2023-09-11,14,0.1574875,0,0.1574875
NO3,2023-09-11,15,0.148625,0,0.148625
NO3,2023-09-11,16,0.12505,0,0.12505
NO3,2023-09-11,17,0.1049,0,0.1049
NO3,2023-09-11,18,0.0415875,0,0.0415875
NO3,2023-09-11,19,0.0324375,0,0.0324375
NO3,2023-09-11,20,0.0315875,0,0.0315875
NO3,2023-09-11,21,0.0097125,0,0.0097125
NO3,2023-09-11,22,-0.0011375,0,-0.0011375
NO3,2023-09-11,23,-0.01715,0,-0.01715
NO4,2023-09-11,0,0.17492,0,0.17492
NO4,2023-09-11,1,0.17595,0,0.17595
NO4,2023-09-11,2,0.17583,0,0.17583
NO4,2023-09-11,3,0.17561,0,0.17561
NO4,2023-09-11,4,0.17492,0,0.17492
NO4,2023-09-11,5,0.17332,0,0.17332
NO4,2023-09-11,6,0.17332,0,0.17332
NO4,2023-09-11,7,0.17503,0,0.17503
NO4,2023-09-11,8,0.17492,0,0.17492
NO4,2023-09-11,9,0.17343,0,0.17343
NO4,2023-09-11,10,0.17183,0,0.17183
NO4,2023-09-11,11,0.154,0,0.154
NO4,2023-09-11,12,0.14279,0,0.14279
NO4,2023-09-11,13,0.13193,0,0.13193
NO4,2023-09-11,14,0.12599,0,0.12599
NO4,2023-09-11,15,0.1189,0,0.1189
NO4,2023-09-11,16,0.10004,0,0.10004
NO4,2023-09-11,17,0.08392,0,0.08392
NO4,2023-09-11,18,0.03327,0,0.03327
NO4,2023-09-11,19,0.02595,0,0.02595
NO4,2023-09-11,20,0.02527,0,0.02527
NO4,2023-09-11,21,0.00777,0,0.00777
NO4,2023-09-11,22,-0.00091,0,-0.00091
NO4,2023-09-11,23,-0.01372,0,-0.01372
NO5,2023-09-11,0,0.044875,0,0.044875
NO5,2023-09-11,1,0.0443,0,0.0443
NO5,2023-09-11,2,0.042725,0,0.042725
NO5,2023-09-11,3,0.0423,0,0.0423
NO5,2023-09-11,4,0.0423,0,0.0423
NO5,2023-09-11,5,0.0440125,0,0.0440125
NO5,2023-09-11,6,0.0477375,0,0.0477375
NO5,2023-09-11,7,0.0527375,0,0.0527375
NO5,2023-09-11,8,0.0643125,0,0.0643125
NO5,2023-09-11,9,0.0636,0,0.0636
NO5,2023-09-11,10,0.0611625,0,0.0611625
NO5,2023-09-11,11,0.059025,0,0.059025
NO5,2023-09-11,12,0.0575875,0,0.0575875
NO5,2023-09-11,13,0.0567375,0,0.0567375
NO5,2023-09-11,14,0.0575875,0,0.0575875
NO5,2023-09-11,15,0.0575875,0,0.0575875
NO5,2023-09-11,16,0.0577375,0,0.0577375
NO5,2023-09-11,17,0.0577375,0,0.0577375
NO5,2023-09-11,18,0.05545,0,0.05545
NO5,2023-09-11,19,0.0547375,0,0.0547375
NO5,2023-09-11,20,0.0431625,0,0.0431625
NO5,2023-09-11,21,0.0441625,0,0.0441625
NO5,2023-09-11,22,0.043875,0,0.043875
NO5,2023-09-11,23,0.0390125,0,0.0390125
NO1,2023-09-12,0,0.001425,0,0.001425
NO1,2023-09-12,1,-0.0001375,0,-0.0001375
NO1,2023-09-12,2,-0.0008625,0,-0.0008625
NO1,2023-09-12,3,-0.001,0,-0.001
NO1,2023-09-12,4,0.000575,0,0.000575
NO1,2023-09-12,5,0.0130125,0,0.0130125
NO1,2023-09-12,6,0.0423125,0,0.0423125
NO1,2023-09-12,7,0.0483125,0,0.0483125
NO1,2023-09-12,8,0.05045,0,0.05045
NO1,2023-09-12,9,0.05045,0,0.05045
NO1,2023-09-12,10,0.05045,0,0.05045
NO1,2023-09-12,11,0.05045,0,0.05045
NO1,2023-09-12,12,0.05045,0,0.05045
NO1,2023-09-12,13,0.0506,0,0.0506
NO1,2023-09-12,14,0.0506,0,0.0506
NO1,2023-09-12,15,0.0506,0,0.0506
NO1,2023-09-12,16,0.0523125,0,0.0523125
NO1,2023-09-12,17,0.0518875,0,0.0518875
NO1,2023-09-12,18,0.0517375,0,0.0517375
NO1,2023-09-12,19,0.05345,0,0.05345
NO1,2023-09-12,20,0.0536,0,0.0536
NO1,2023-09-12,21,0.0518875,0,0.0518875
NO1,2023-09-12,22,0.0506,0,0.0506
NO1,2023-09-12,23,0.0466,0,0.0466
NO2,2023-09-12,0,1.0645375,0.17058375,0.89395375
NO2,2023-09-12,1,1.0665375,0.17238375,0.89415375
NO2,2023-09-12,2,1.06425,0.170325,0.893925
NO2,2023-09-12,3,1.062675,0.1689075,0.8937675
NO2,2023-09-12,4,1.061675,0.1680075,0.8936675
NO2,2023-09-12,5,1.0654,0.17136,0.89404
NO2,2023-09-12,6,1.073825,0.1789425,0.8948825
NO2,2023-09-12,7,1.1147,0.21573,0.89897
NO2,2023-09-12,8,1.12685,0.226665,0.900185
NO2,2023-09-12,9,1.12685,0.226665,0.900185
NO2,2023-09-12,10,1.1267125,0.22654125,0.90017125
NO2,2023-09-12,11,1.1265625,0.22640625,0.90015625
NO2,2023-09-12,12,1.127,0.2268,0.9002
NO2,2023-09-12,13,1.126425,0.2262825,0.9001425
NO2,2023-09-12,14,1.1267125,0.22654125,0.90017125
NO2,2023-09-12,15,1.1147,0.21573,0.89897
NO2,2023-09-12,16,1.1067,0.20853,0.89817
NO2,2023-09-12,17,1.101125,0.2035125,0.8976125
NO2,2023-09-12,18,1.0886875,0.19231875,0.89636875
NO2,2023-09-12,19,1.0794,0.18396,0.89544
NO2,2023-09-12,20,1.072975,0.1781775,0.8947975
NO2,2023-09-12,21,1.072825,0.1780425,0.8947825
NO2,2023-09-12,22,1.0665375,0.17238375,0.89415375
NO2,2023-09-12,23,1.0625375,0.16878375,0.89375375
NO3,2023-09-12,0,-0.0330125,0,-0.0330125
NO3,2023-09-12,1,-0.0294375,0,-0.0294375
NO3,2023-09-12,2,-0.027725,0,-0.027725
NO3,2023-09-12,3,-0.0150125,0,-0.0150125
NO3,2023-09-12,4,0.000575,0,0.000575
NO3,2023-09-12,5,0.0130125,0,0.0130125
NO3,2023-09-12,6,0.071325,0,0.071325
NO3,2023-09-12,7,0.171375,0,0.171375
NO3,2023-09-12,8,0.20625,0,0.20625
NO3,2023-09-12,9,0.2068125,0,0.2068125
NO3,2023-09-12,10,0.1982375,0,0.1982375
NO3,2023-09-12,11,0.1881,0,0.1881
NO3,2023-09-12,12,0.1796625,0,0.1796625
NO3,2023-09-12,13,0.1755125,0,0.1755125
NO3,2023-09-12,14,0.1765125,0,0.1765125
NO3,2023-09-12,15,0.1826625,0,0.1826625
NO3,2023-09-12,16,0.2033875,0,0.2033875
NO3,2023-09-12,17,0.2041,0,0.2041
NO3,2023-09-12,18,0.2021,0,0.2021
NO3,2023-09-12,19,0.2031,0,0.2031
NO3,2023-09-12,20,0.20125,0,0.20125
NO3,2023-09-12,21,0.193675,0,0.193675
NO3,2023-09-12,22,0.1796625,0,0.1796625
NO3,2023-09-12,23,0.1669375,0,0.1669375
NO4,2023-09-12,0,-0.02641,0,-0.02641
NO4,2023-09-12,1,-0.02355,0,-0.02355
NO4,2023-09-12,2,-0.02218,0,-0.02218
NO4,2023-09-12,3,-0.01201,0,-0.01201
NO4,2023-09-12,4,0.00046,0,0.00046
NO4,2023-09-12,5,0.01041,0,0.01041
NO4,2023-09-12,6,0.05706,0,0.05706
NO4,2023-09-12,7,0.1371,0,0.1371
NO4,2023-09-12,8,0.165,0,0.165
NO4,2023-09-12,9,0.16545,0,0.16545
NO4,2023-09-12,10,0.15859,0,0.15859
NO4,2023-09-12,11,0.15048,0,0.15048
NO4,2023-09-12,12,0.14373,0,0.14373
NO4,2023-09-12,13,0.14041,0,0.14041
NO4,2023-09-12,14,0.14121,0,0.14121
NO4,2023-09-12,15,0.14613,0,0.14613
NO4,2023-09-12,16,0.16271,0,0.16271
NO4,2023-09-12,17,0.16328,0,0.16328
NO4,2023-09-12,18,0.16168,0,0.16168
NO4,2023-09-12,19,0.16248,0,0.16248
NO4,2023-09-12,20,0.161,0,0.161
NO4,2023-09-12,21,0.15494,0,0.15494
NO4,2023-09-12,22,0.14373,0,0.14373
NO4,2023-09-12,23,0.13355,0,0.13355
NO5,2023-09-12,0,0.001425,0,0.001425
NO5,2023-09-12,1,-0.0001375,0,-0.0001375
NO5,2023-09-12,2,-0.0008625,0,-0.0008625
NO5,2023-09-12,3,-0.001,0,-0.001
NO5,2023-09-12,4,0.000575,0,0.000575
NO5,2023-09-12,5,0.0130125,0,0.0130125
NO5,2023-09-12,6,0.0423125,0,0.0423125
NO5,2023-09-12,7,0.0483125,0,0.0483125
NO5,2023-09-12,8,0.05045,0,0.05045
NO5,2023-09-12,9,0.05045,0,0.05045
NO5,2023-09-12,10,0.05045,0,0.05045
NO5,2023-09-12,11,0.05045,0,0.05045
NO5,2023-09-12,12,0.05045,0,0.05045
NO5,2023-09-12,13,0.0506,0,0.0506
NO5,2023-09-12,14,0.0506,0,0.0506
NO5,2023-09-12,15,0.0506,0,0.0506
NO5,2023-09-12,16,0.0523125,0,0.0523125
NO5,2023-09-12,17,0.0518875,0,0.0518875
NO5,2023-09-12,18,0.0517375,0,0.0517375
NO5,2023-09-12,19,0.05345,0,0.05345
NO5,2023-09-12,20,0.0536,0,0.0536
NO5,2023-09-12,21,0.0518875,0,0.0518875
NO5,2023-09-12,22,0.0506,0,0.0506
NO5,2023-09-12,23,0.0466,0,0.0466
NO1,2023-09-13,0,0.03835,0,0.03835
NO1,2023-09-13,1,0.0360625,0,0.0360625
NO1,2023-09-13,2,0.0346375,0,0.0346375
NO1,2023-09-13,3,0.0339125,0,0.0339125
NO1,2023-09-13,4,0.0340625,0,0.0340625
NO1,2023-09-13,5,0.03635,0,0.03635
NO1,2023-09-13,6,0.0346375,0,0.0346375
NO1,2023-09-13,7,0.0402125,0,0.0402125
NO1,2023-09-13,8,0.0415,0,0.0415
NO1,2023-09-13,9,0.041925,0,0.041925
NO1,2023-09-13,10,0.0415,0,0.0415
NO1,2023-09-13,11,0.04035,0,0.04035
NO1,2023-09-13,12,0.04265,0,0.04265
NO1,2023-09-13,13,0.0425,0,0.0425
NO1,2023-09-13,14,0.0402125,0,0.0402125
NO1,2023-09-13,15,0.0405,0,0.0405
NO1,2023-09-13,16,0.0558125,0,0.0558125
NO1,2023-09-13,17,0.0546625,0,0.0546625
NO1,2023-09-13,18,0.052525,0,0.052525
NO1,2023-09-13,19,0.0551,0,0.0551
NO1,2023-09-13,20,0.056525,0,0.056525
NO1,2023-09-13,21,0.0562375,0,0.0562375
NO1,2023-09-13,22,0.052525,0,0.052525
NO1,2023-09-13,23,0.049375,0,0.049375
NO2,2023-09-13,0,1.0054625,0.11741625,0.88804625
NO2,2023-09-13,1,1.00175,0.114075,0.887675
NO2,2023-09-13,2,1.001175,0.1135575,0.8876175
NO2,2023-09-13,3,1.0008875,0.11329875,0.88758875
NO2,2023-09-13,4,0.9966,0.10944,0.88716
NO2,2023-09-13,5,0.9915875,0.10492875,0.88665875
NO2,2023-09-13,6,1.0200625,0.13055625,0.88950625
NO2,2023-09-13,7,1.1429875,0.24118875,0.90179875
NO2,2023-09-13,8,1.244175,0.3322575,0.9119175
NO2,2023-09-13,9,1.2032375,0.29541375,0.90782375
NO2,2023-09-13,10,1.114375,0.2154375,0.8989375
NO2,2023-09-13,11,1.107075,0.2088675,0.8982075
NO2,2023-09-13,12,1.031375,0.1407375,0.8906375
NO2,2023-09-13,13,1.0121875,0.12346875,0.88871875
NO2,2023-09-13,14,1.01305,0.124245,0.888805
NO2,2023-09-13,15,0.98715,0.100935,0.886215
NO2,2023-09-13,16,0.9920125,0.10531125,0.88670125
NO2,2023-09-13,17,1.0004625,0.11291625,0.88754625
NO2,2023-09-13,18,1.0044625,0.11651625,0.88794625
NO2,2023-09-13,19,1.01105,0.122445,0.888605
NO2,2023-09-13,20,1.0087625,0.12038625,0.88837625
NO2,2023-09-13,21,1.010475,0.1219275,0.8885475
NO2,2023-09-13,22,1.006325,0.1181925,0.8881325
NO2,2023-09-13,23,1.0050375,0.11703375,0.88800375
NO3,2023-09-13,0,0.1435375,0,0.1435375
NO3,2023-09-13,1,0.13595,0,0.13595
NO3,2023-09-13,2,0.1279375,0,0.1279375
NO3,2023-09-13,3,0.1273625,0,0.1273625
NO3,2023-09-13,4,0.1392375,0,0.1392375
NO3,2023-09-13,5,0.146975,0,0.146975
NO3,2023-09-13,6,0.1730125,0,0.1730125
NO3,2023-09-13,7,0.1798875,0,0.1798875
NO3,2023-09-13,8,0.2006375,0,0.2006375
NO3,2023-09-13,9,0.2160875,0,0.2160875
NO3,2023-09-13,10,0.216375,0,0.216375
NO3,2023-09-13,11,0.2113625,0,0.2113625
NO3,2023-09-13,12,0.213225,0,0.213225
NO3,2023-09-13,13,0.208075,0,0.208075
NO3,2023-09-13,14,0.2012125,0,0.2012125
NO3,2023-09-13,15,0.1942,0,0.1942
NO3,2023-09-13,16,0.1886125,0,0.1886125
NO3,2023-09-13,17,0.187475,0,0.187475
NO3,2023-09-13,18,0.1919,0,0.1919
NO3,2023-09-13,19,0.186325,0,0.186325
NO3,2023-09-13,20,0.1864625,0,0.1864625
NO3,2023-09-13,21,0.184175,0,0.184175
NO3,2023-09-13,22,0.1710125,0,0.1710125
NO3,2023-09-13,23,0.1471125,0,0.1471125
NO4,2023-09-13,0,0.11483,0,0.11483
NO4,2023-09-13,1,0.10876,0,0.10876
NO4,2023-09-13,2,0.10235,0,0.10235
NO4,2023-09-13,3,0.10189,0,0.10189
NO4,2023-09-13,4,0.11139,0,0.11139
NO4,2023-09-13,5,0.11758,0,0.11758
NO4,2023-09-13,6,0.13841,0,0.13841
NO4,2023-09-13,7,0.14391,0,0.14391
NO4,2023-09-13,8,0.16051,0,0.16051
NO4,2023-09-13,9,0.17287,0,0.17287
NO4,2023-09-13,10,0.1731,0,0.1731
NO4,2023-09-13,11,0.16909,0,0.16909
NO4,2023-09-13,12,0.17058,0,0.17058
NO4,2023-09-13,13,0.16646,0,0.16646
NO4,2023-09-13,14,0.16097,0,0.16097
NO4,2023-09-13,15,0.15536,0,0.15536
NO4,2023-09-13,16,0.15089,0,0.15089
NO4,2023-09-13,17,0.14998,0,0.14998
NO4,2023-09-13,18,0.15352,0,0.15352
NO4,2023-09-13,19,0.14906,0,0.14906
NO4,2023-09-13,20,0.14917,0,0.14917
NO4,2023-09-13,21,0.14734,0,0.14734
NO4,2023-09-13,22,0.13681,0,0.13681
NO4,2023-09-13,23,0.11769,0,0.11769
NO5,2023-09-13,0,0.03835,0,0.03835
NO5,2023-09-13,1,0.0360625,0,0.0360625
NO5,2023-09-13,2,0.0346375,0,0.0346375
NO5,2023-09-13,3,0.0339125,0,0.0339125
NO5,2023-09-13,4,0.0340625,0,0.0340625
NO5,2023-09-13,5,0.03635,0,0.03635
NO5,2023-09-13,6,0.0346375,0,0.0346375
NO5,2023-09-13,7,0.0402125,0,0.0402125
NO5,2023-09-13,8,0.0415,0,0.0415
NO5,2023-09-13,9,0.041925,0,0.041925
NO5,2023-09-13,10,0.0415,0,0.0415
NO5,2023-09-13,11,0.04035,0,0.04035
NO5,2023-09-13,12,0.04265,0,0.04265
NO5,2023-09-13,13,0.0425,0,0.0425
NO5,2023-09-13,14,0.0402125,0,0.0402125
NO5,2023-09-13,15,0.0405,0,0.0405
NO5,2023-09-13,16,0.0558125,0,0.0558125
NO5,2023-09-13,17,0.0546625,0,0.0546625
NO5,2023-09-13,18,0.052525,0,0.052525
NO5,2023-09-13,19,0.0551,0,0.0551
NO5,2023-09-13,20,0.056525,0,0.056525
NO5,2023-09-13,21,0.0562375,0,0.0562375
NO5,2023-09-13,22,0.052525,0,0.052525
NO5,2023-09-13,23,0.049375,0,0.049375
